Country Name,Country Code,1991,1992,1993,1994,1995,1996,1997,1998,1999,2000,2001,2002,2003,2004,2005,2006,2007,2008,2009,2010,2011,2012,2013,2014,2015,2016,2017,2018,2019,2020,2021,2022,2023,2024
Aruba,ABW,4.88713560049167,4.61012241010557,6.5620284925223,5.17037414583618,2.80831670109337,3.95074287081186,3.87475976651232,2.4607540856619,1.35648590551186,1.03081685259869,0.93503293482838,0.692051826700269,1.13822893851655,2.13535781849357,2.59075665615847,1.79663785158395,0.746664790352749,0.762933470313563,0.678450763317743,0.230041095930877,0.736689418341162,1.46978228958006,1.49203139661921,1.06551209965487,1.02370103122312,0.75796755862231,0.007357607309414,0.158975971141518,0.270504632854835,-0.565684046703506,-0.82021108315363,-0.362774222330685,0.0456516784920034,0.590657103226071
Africa Eastern and Southern,AFE,2.75069381267418,2.66048165065413,2.76949139016801,2.65931727355301,2.59624753960851,2.64520724063808,2.56360934676329,2.59082906065185,2.62289295632848,2.59538933998788,2.5886417713116,2.60780157535376,2.61906809457548,2.64137149821667,2.65847839652985,2.66976588552462,2.69144498343854,2.72364001522085,2.73723757208867,2.73452519643287,2.68462143269084,2.69351289263264,2.7482455829431,2.70410469635344,2.69683038788555,2.64074325542301,2.64206728810391,2.73426282366823,2.72168052257397,2.69951609745311,2.6494391643563,2.59275445199729,2.51916664518144,2.47280147854539
Afghanistan,AFG,1.59132588364829,8.15641941048095,11.8072591071712,8.38872960212999,4.89368011973163,4.00540467357125,3.80450803445817,3.7646866376293,3.72811603964771,1.21217597601851,0.762004896898895,5.25202958527833,6.14519400188515,3.57583485398158,3.51921696042587,4.09270201656348,1.8925975396006,2.18654618162979,3.64638090813246,2.93468670173474,3.69150308391849,4.04786256315645,3.41822667584596,3.63251884652008,3.11995924146907,2.53571991833963,2.80833730805469,2.91080959861384,2.98438913621969,3.15360920291972,2.35609779179185,1.43570437048699,2.13559384981397,2.83657317243522
Africa Western and Central,AFW,2.64300140464419,2.75593895058625,2.70082777138451,2.65462164834649,2.72302903559725,2.7205854804256,2.71907260451378,2.76168483699296,2.73166191861256,2.75132392809025,2.80153964354323,2.81077138406323,2.8141742241892,2.82856501787792,2.83958955807186,2.82608419767989,2.8219705369228,2.82607178878814,2.79237396747975,2.78698893627561,2.82286088448152,2.78126173094488,2.73116206800931,2.73031560628191,2.69935903335602,2.67291294656133,2.62629564056769,2.53362052736347,2.44004800908883,2.38917570433681,2.3638289749527,2.33227039388145,2.38620356038992,2.39847314152298
Angola,AGO,3.35905461487339,3.27414246108306,3.19559442992564,3.24168920160086,3.33998873703717,3.3816089218138,3.39551504166387,3.34679546644871,3.29527663572252,3.31228746945312,3.35370941359163,3.40747615681454,3.49334277776736,3.59445752400652,3.64626893356444,3.68489201610335,3.74258021023639,3.77828976645524,3.80156187494836,3.85109824897149,3.8879459971363,3.88358355528674,3.84998068971631,3.73272806660513,3.60507162233632,3.57644143982026,3.54061221486272,3.45323300897802,3.38788422184303,3.26795864914978,3.18132259995095,3.14302612044601,3.08065530722915,3.04419972245653
Albania,ALB,-0.602809679480026,-0.606434726201759,-0.610165792730247,-0.613880506929603,-0.617703658436963,-0.62151139901728,-0.625430096900055,-0.629334392525913,-0.63335227398725,-0.637356833943492,-0.93847042771206,-0.299876697084691,-0.374149169291299,-0.417931377925999,-0.511790116421897,-0.630911244851673,-0.75571875541991,-0.767342959142321,-0.673894046451936,-0.49646196338738,-0.269017331764615,-1.54313670532257,-1.54314471365633,-1.54313753739282,-1.54312006878448,-1.54313470861992,-1.54315156766944,-1.54309991591532,-1.54313709096794,-1.54315589345436,-1.54312080996395,-1.54315667695786,-1.54310811387613,-1.54314393524594
Andorra,AND,7.45329468211735,6.0480321596983,4.97705409023407,2.09572588343954,-1.08930148717707,0.112591492472177,1.11281494023923,1.04857897159494,0.500412968697236,-0.038053198830509,0.253921086430399,0.988236936986141,4.38331242746588,6.73220754538658,4.08106927409514,2.7567571256705,2.83924882561682,1.95686286864098,0.469582600578118,-3.86696538756774,-3.68900236441521,-1.22756477898092,-2.15758099819573,-1.95667320426838,-2.14248382559065,0.00969831319383994,2.16803975005007,1.87885332176802,1.73050296926809,1.17775354895761,1.26362889534188,1.69676808598242,1.43374756867515,1.32930689449906
Arab World,ARB,2.31107571877806,2.55857635622995,2.77963018835214,2.74309358024757,2.52257722068187,2.44150862810139,2.40563252454036,2.41979841334517,2.3935256711417,2.41543527490979,2.42446364867946,2.39338192520223,2.34144421249202,2.32646818002896,2.37373785357332,2.41849081690974,2.5160369697056,2.54491691477219,2.47204998946198,1.99515168852155,2.30736970092213,2.38370613008674,2.57120480453802,2.34512756475237,2.4580221910701,2.31761538561915,2.00626985832883,1.77768190401844,1.88201603418311,2.10294522896747,1.51437547360799,2.29741398218855,2.25586602644063,2.15591676300777
United Arab Emirates,ARE,5.55380997102418,5.24724401080608,4.95223997523987,4.66407380953512,4.4717655242434,6.47661448989632,8.12439404457886,7.61779694622865,7.15727575370797,6.73568170124179,6.37626894621745,6.07539320463732,5.78447695225097,5.48794157690806,5.18764431874288,7.12134410320015,11.5899798855336,11.3816344065238,6.2188003600278,2.39801204084647,3.35932096341285,3.95899214220379,3.99911978796443,4.65292210905658,5.38380162241984,4.93046894788046,3.17379785893425,1.32986873264335,1.0545163442516,-0.474850154644905,1.83513009029147,5.08834153373914,3.97717097504667,4.68316095317394
Argentina,ARG,1.43788006980649,1.38438120034139,1.35364018555542,1.3401375748685,1.3103115077878,1.25745217924583,1.21464795933597,1.17552563201514,1.15304317167294,1.13312807570195,1.09794672757946,1.06941318335345,1.0331399769648,1.01407652046238,1.02745772191722,1.02824760534561,0.991101935066697,1.01288878477428,1.05977470732485,1.05636332156278,1.06474009749784,1.0276613644946,0.992958989681133,1.0317435786984,1.04725888735726,0.968911125580978,0.881249595012674,0.822969480473088,0.710900853077743,0.484665636741261,0.265879395046274,0.210808731072658,0.286976121920089,0.345829819817895
Armenia,ARM,1.72619674936504,-1.17220795270319,-3.37471864205292,-2.60275046427601,-1.70949509169847,-0.87594292287609,-0.994517948945717,-1.1739815592385,-1.28976124297341,1.68478463633775,-0.289138848080883,-0.374321979277905,-0.542125640304999,-0.554559192905497,-0.586251738490671,-0.615288463799411,-0.631969382170487,-0.655422477046795,-0.685835845567342,-0.693856288987436,-0.556590762896162,-0.125578337719131,-0.0694662703047376,-0.271712284863074,-0.305729335573084,-0.410212518071397,-0.432038450211669,-0.349674218173286,-0.219168932037313,-0.0337609726366775,0.0270096898904032,0.2326562627468,-0.165163937436499,2.30761515133256
American Samoa,ASM,2.62811088695503,2.38558568502606,2.26024521597422,2.15371701014893,2.05671216036268,1.96279569672393,1.87351717706436,1.77221674438368,1.63829370882346,1.07336821798259,0.347649330019057,0.015773561790571,-0.159602955841036,-0.268918950346124,-0.354388346392294,-0.43012341626739,-0.464054456743541,-0.509197909248079,-0.538813760911533,-0.541732698337665,-0.604780136721016,-0.742342325127959,-0.890369493241287,-1.00492136443654,-1.10585645130594,-1.20431808595042,-1.26938746413556,-1.32302357149178,-1.38257886328442,-0.896274880494128,-1.0829920166826,-1.81008765020754,-1.71290294190977,-1.60366587175019
Antigua and Barbuda,ATG,0.507699603022036,1.59169498831994,1.820176259723,1.89690804434566,1.99366754947741,2.06537047537748,2.04891111658493,1.89459540759207,1.71693315212405,1.67727282735622,1.53267318275276,1.25800968019549,1.09996203153919,1.06640091579038,1.12677248463423,1.23960018151071,1.35546842030699,1.46768441039016,1.50944003614049,1.35346888620455,1.17914352935743,1.06918387987395,0.917165517536032,0.792860528793727,0.722892009464778,0.624381829779871,0.553103046635761,0.504979187034594,0.480553889847623,0.526173366134419,0.546161676855974,0.530270318994476,0.511400156215609,0.487472101887911
Australia,AUS,1.2746217855676,1.11959770147047,0.889539825558206,0.963092494678111,1.11373422085118,1.21385498322201,1.0820399195962,0.996734717801419,1.09397580294231,1.14447285147721,1.28396809127349,1.1375387361946,1.15019273319182,1.06919812205752,1.21729073052406,1.34945083098893,1.82499679529254,2.00391140524272,2.06083316277243,1.55570626204128,1.38952731561803,1.74582000067359,1.721151439989,1.49156648912847,1.43921665259925,1.56194049810399,1.64682779735017,1.49599671041328,1.47749071058438,1.23342825131378,0.14089508329287,1.28931130985537,2.43450716351535,1.99383715356028
Austria,AUT,0.998418103144403,1.10055228652823,0.824627940995206,0.384869546678302,0.153106260702748,0.135019833748789,0.113316608322994,0.109728368100981,0.194563153264961,0.240466652446524,0.382799394483217,0.49198046425522,0.487133894826838,0.620413127334181,0.681267248299787,0.494797775098466,0.324146535285463,0.313041437661508,0.261953189906348,0.240394299500766,0.337080841831645,0.45593747231891,0.589387254692989,0.781541632525841,1.12099250236958,1.08139629872802,0.694621103604983,0.487071924768999,0.444673639004876,0.415176731565556,0.435671684056384,0.956287797076634,0.989464653969154,0.504879813795986
Azerbaijan,AZE,1.33044567943037,1.51162852010951,1.51580689251655,1.34847501163452,1.15566613988888,1.01179991660887,0.964673773704232,0.949138146647058,0.877598699856844,0.821519963674211,0.774765939386613,0.746173582716985,0.757650955616913,0.875427280482454,1.02226559239828,1.09858657441812,1.13385546615645,2.09985403259251,2.07614826384645,1.18978770786007,1.30300085487651,1.32876382733755,1.29344702700591,1.24820899735588,1.19120985807018,1.11785721013911,0.98126180450475,0.866316916370841,0.846646726414021,0.684365325388407,0.441197735816311,0.039507866238038,0.120242150339289,0.480155257252915
Burundi,BDI,2.06908349172423,2.67351109579947,-3.14824552751545,0.649848385023095,5.98577493416484,0.0690460841637087,-0.00764380652711988,1.91022480299428,2.39621572131493,2.07761630416467,2.50568660000274,2.82021948884885,3.15909277106132,3.72769286109058,3.71426552783148,3.6016417629351,3.69817167466282,4.12553206908571,5.06613607694958,4.68101057302388,3.57769854786004,3.56852147814432,3.59186709345175,3.39447686677984,2.26851729292704,1.72186004024144,2.35048627086438,3.01898182778662,3.28367531420808,2.9086530249822,2.72425539520386,2.70585008916716,2.72764441044431,2.5839340108674
Belgium,BEL,0.371593165668169,0.405713495856337,0.390638517826929,0.308197073686726,0.209436838020324,0.1953931762382,0.241991884983082,0.213527650670943,0.229189103029716,0.242517956221334,0.343951157623668,0.448268894821562,0.418641508069053,0.432788248129175,0.550055708089009,0.659558214980699,0.734330830765919,0.789976845480149,0.804599572619861,0.913639391631709,1.3010029017038,0.620163579337378,0.471340143966627,0.44392928847521,0.579446241677791,0.506300002451376,0.385228018372369,0.455184695275022,0.540461327098122,0.430996815099722,0.411601996532257,0.808165350001861,0.850263748167955,0.66555918543206
Benin,BEN,3.0846342257467,3.08954460200877,4.43675552850148,3.74003044963406,2.11424008856257,2.6166771873555,2.95210198459104,3.0829668212606,3.09369584671073,3.07665265205002,3.05435506649292,3.04010801597376,3.04920259714654,3.06173106096489,3.22061199704122,3.12066888297415,2.95509554727715,3.01959398464251,2.99903642214246,2.98424162798508,2.97782202797765,2.96766540040992,2.94885160135819,2.9550187594558,2.95391627666724,2.92460216679542,2.88117869411855,2.8136418840483,2.73538842831436,2.66259875153288,2.59230167510348,2.54740926342667,2.52274772277722,2.46175361912328
Burkina Faso,BFA,2.53625917894951,2.46694750828756,2.48654572072589,2.52154952786592,2.56393697670826,2.55894111772828,2.57799245224128,2.76403220911076,2.9303462196778,2.98414422391968,3.05099351122556,3.09039308299234,3.11812174449527,3.14512608695879,3.14680149143287,3.12034537509581,3.03277637197036,2.93816522811728,2.91916025918168,2.92577947499021,2.95657078370668,3.0171707485343,3.00083639274971,2.9733794200807,2.96196306547686,2.92508251378454,2.85291595529266,2.69713675384815,2.52989803984158,2.43522959287393,2.37649218888363,2.30907147387783,2.26973666268599,2.24597728439097
Bangladesh,BGD,1.91061096227259,1.8848730627462,1.86277225280699,1.85417955110796,1.85825551797916,1.82805195849607,1.85349089461291,1.88796139153147,1.89951780093278,1.82732806740512,1.66689324749509,1.54340635736975,1.45530530506763,1.36154790691024,1.2606651625389,1.16116775095831,1.07564253185597,0.9984405660693,0.931892491457971,0.876530534249878,0.908525895582217,0.958355912717609,0.938408350120779,0.911167733810249,0.89381937776758,0.892432416039535,0.850917315689336,0.820955197842845,0.84641125179804,0.836310836229073,0.814977993693211,1.02423384746683,1.22171475464107,1.21462115417186
Bulgaria,BGR,-0.990425980099359,-1.07385319076042,-0.797665851516421,-0.339586079485037,-0.44539850047226,-0.515729879636827,-0.608797354537911,-0.66730270106626,-0.560648224779443,-0.493896416633318,-1.99063220438276,-2.17069878030004,-0.79211363763553,-0.754796951273604,-0.752977445493645,-0.759505915531059,-0.735282283991309,-0.70192274454598,-0.644281362547054,-0.658275446635908,-0.641228920515067,-0.579220596364389,-2.01699190933907,-1.21450935947823,-1.2711551188344,-1.29824041616821,-1.32391481752631,-1.3714611289258,-1.41171852077109,-1.00293821352921,-0.664652622488209,-0.650676134087796,-0.286577641861364,-0.0803071609561488
Bahrain,BHR,-2.30791037210701,2.63004242215019,2.6307476061814,2.63203699876798,2.63111770149598,2.63339695459039,2.63544494635445,2.63458561251159,2.6346101512442,2.63695278007044,3.65488929440491,7.18117509546341,7.32007217674901,7.46118982341814,7.60408303822153,7.74778631282051,7.89230240298341,5.99407232077657,6.56869933315068,4.16585991920366,-2.76659927564461,1.1600872869288,3.59293039406627,4.78104318433597,4.15422184212278,3.82316300255316,5.29314527321994,0.131482303617889,-1.29469437720599,-0.781611308056263,2.16102845934147,1.34221960637543,3.37686417721007,0.733546811160036
"Bahamas, The",BHS,1.71953449633695,1.83396180238937,1.87510041150555,1.75900345094607,1.65630824579208,1.58198810753699,1.50236472132864,1.42560280610243,1.33738067724252,1.31201091278679,1.22793565259293,1.14581585690751,1.20019665232897,1.23306270632529,1.20292348556941,1.2946015448339,1.41342994265638,1.34543405372794,1.30111554909733,1.27841716584672,1.15016412529445,1.00108170366546,0.923627563339724,0.878822235669929,0.794122280116855,0.700545015838571,0.624247409539043,0.569969444023085,0.497339072752345,0.300555038290333,0.128749531818761,0.293483989063331,0.477303918283875,0.460334786075668
Bosnia and Herzegovina,BIH,0.217604339601392,-5.14845213063333,-8.11675269849187,-4.6947674302463,-0.264696613722251,4.20786610562907,3.62316159046938,1.7546739878352,0.99637536807999,0.710877055593974,0.471676305567227,0.204698282637517,-0.226593575129443,-0.902366959162245,-1.08029233976901,-0.814268145096121,-1.23438180520165,-1.65511289388464,-1.73115539384589,-1.77665932121615,-1.84492216631166,-1.93437927837206,-1.62767576055568,-1.2829607801223,-1.30696713269434,-1.30267774814121,-1.28437067954589,-1.22313569369776,-1.23185506471358,-1.39008469041609,-1.66384860150923,-1.24363802761194,-0.617510129445164,-0.655819991673837
Belarus,BLR,0.0461355862589733,0.219690718485616,0.220771793347495,-0.118196017328142,-0.324414829587043,-0.336671341030207,-0.415604443400529,-0.450435237181926,-0.450029843493719,-0.471131334643547,-0.512966688341309,-0.636565666436346,-0.699809190918934,-0.682169472243919,-0.683005560010688,-0.612296198031047,-0.458847535622636,-0.345415054298517,-0.245915441295321,-0.218522755959381,-0.234282914157686,-0.156617600248906,-0.0383800002667846,0.056151567510169,0.132853236725342,0.0877210878706449,-0.109782322950581,-0.213824206997671,-0.201786600970723,-0.42347525027949,-0.82823272086807,-0.804228426880244,-0.540824986374776,-0.49881794290787
Belize,BLZ,2.14211305492924,2.08619211260685,2.03124492836904,2.12952750179899,2.50432809859251,2.97472085581548,3.33679111455288,3.4918451808564,3.44226447456504,3.26709202067925,3.09932448206021,3.02567946888712,2.99028222861427,2.95389266992451,2.91740780047982,2.87083521745194,2.81604558312441,2.75172617782414,2.67547057673273,2.41171251993503,2.17847430341063,2.15086754763262,2.13397522406827,2.11317688838933,2.10144194153298,2.32231207163985,2.30310203964335,1.86459847610366,1.46284533510266,1.28323598131052,1.1534704907648,1.85124805102003,2.05772774277288,1.44077799785791
Bermuda,BMU,0.735660172807902,0.726863524436884,0.69781810683388,0.640625866899154,0.559300649360705,0.480983673904791,0.606719087580199,0.764803092230042,0.796633731004024,0.694526488745174,0.513706697004768,0.443516923428655,0.391880239398635,0.270527854058021,0.249070107845201,0.19594573954294,0.279711571071929,0.459188519616631,0.417767525195533,0.251394586009326,0.0125531547811924,-0.136600245767712,-0.113189762124124,-0.0708087171509757,-0.102367855986115,-0.0236382404794606,0.203106496014494,0.397146720463835,0.431459657274573,0.428052860400885,0.412307799470137,0.156108751379667,-0.0787967316952785,-0.0958758017988935
Bolivia,BOL,2.08394091464415,2.04005205570035,1.98359137070415,1.93553666553041,1.88896808659587,1.85028162992902,1.80569805808475,1.76561111828867,1.74582928419343,1.71712723342906,1.68688229604066,1.67248263752338,1.67509392038728,1.68272509947837,1.68564890189224,1.70464062326774,1.71051652675101,1.68811436886035,1.66527120616965,1.64440681785103,1.62276978666345,1.59965176170266,1.57374447646261,1.54455877769864,1.51686119793977,1.48970583998181,1.46124572329841,1.43337090655267,1.40657823805422,1.23396442673807,1.01931284088344,1.16425907336882,1.37334382280772,1.37206798819615
Brazil,BRA,1.71576956519978,1.66724681782032,1.61992855794359,1.56329973533197,1.53901255207011,1.51410759163045,1.48650426533337,1.48772098102752,1.45652767159292,1.37521128317928,1.30335503159977,1.24142062598122,1.18021395482771,1.12991417032023,1.09590612526605,1.05833842529955,1.01236820635667,0.957984635895359,0.895632239477021,0.84088322514573,0.81381388423754,0.811598483382088,0.810511647523289,0.806314177734439,0.791721773592796,0.761972670496742,0.72824666001736,0.683439571425594,0.651994346081362,0.579350709708032,0.425360907216456,0.360180890872169,0.395928695574996,0.405467027627251
Barbados,BRB,0.30543217651289,0.34408470557972,0.291582308049379,0.226921901192945,0.160027838504736,0.0934538510922293,0.0411682644242812,0.0167673981201888,0.0308599057983595,-0.173090896850965,0.138039405089234,0.65442252041875,0.614429662267209,0.57102921384559,0.525370422072861,0.481152127044188,0.475162083022934,0.524263979237198,0.515328376885536,0.407743308362451,0.325001827653213,0.288929228963865,0.26216966601587,0.245677832545378,0.230380947989644,0.217691837314076,0.204727378663704,0.192553930005438,0.176538259610281,0.174452216457154,0.159263661079578,0.0605883465692588,0.00637558575909917,0.0463878564204179
Brunei Darussalam,BRN,2.82087413872675,2.72087553865121,2.60873227190994,2.53818018062453,2.46985364733686,2.40260865216409,2.34099524940066,2.28072165867432,2.22422733142457,2.17184750364769,2.09808399029796,2.00587619956124,1.90413711851639,1.79377776163247,1.68724773243682,1.58852615956489,1.68860465252749,1.84867406299599,1.87722246166003,1.89897689252094,1.78274591747739,1.53255515873327,1.38231470645459,1.34019436885468,1.30210359279592,1.25964272152269,1.2107045656128,1.15739958778106,1.10621350885567,1.06148281648515,0.96027430523198,0.804554269312164,0.782881746925984,0.81851878860359
Bhutan,BTN,1.76562588713205,-3.73868016502051,-4.0804037833298,-0.0317354420831988,-1.18061827424054,0.144970771387412,1.79023653749442,1.9037354324329,2.28201573945798,2.42228077592733,2.30721437926679,2.2045852261164,2.10043282502438,1.99990053168434,1.72526717067528,1.34079315421153,1.16227298430616,1.12968896454968,1.10655106118336,1.0954380761045,1.0978069996978,1.10777662014052,1.10832494505463,1.07871798585886,1.01496572424441,0.973884473914115,0.86127488782821,0.716471130925301,0.66444642692507,0.675256502719854,0.703488233671584,0.703183917780367,0.698146584889649,0.651370664586926
Botswana,BWA,2.72429719004269,2.81282080899369,2.86304423228008,2.77143347713386,2.62366178434921,2.44368367103611,2.30264662254376,2.21541249490062,2.16069492392568,2.13210606291764,2.05763865830609,1.88080986109573,1.75962550604573,1.75338203751141,1.79499163132533,1.86517712065057,1.9381347493906,2.0082147581123,2.06587846755776,2.10943597528371,1.96877479635498,1.67774021157009,1.50921875015756,1.45441898422222,1.42753223737773,1.41970172619868,1.42047647332447,1.41898108514606,1.42262847077389,1.4394103578493,1.49130106425067,1.58848021878269,1.64031664035479,1.63538411022867
Central African Republic,CAF,3.12894145604828,3.17660886218298,3.18551160699761,3.12114580888137,2.7279293178596,2.59191336397251,2.74815236149256,2.7130114137794,2.73513141405881,2.74955419856204,2.2204466205594,2.18516803355959,2.39269152862068,2.16355960798951,2.2634335589763,2.04865266623958,1.92738176317224,2.1330142206447,-0.65882495965577,-0.799202484181735,1.59035970102042,0.998867377606297,0.682377856508138,-0.415235398986532,0.132677645471712,1.80553237158984,1.67978155291511,1.76068487647458,1.34469255324203,1.64324789708014,1.68608971248183,-0.275432271573156,1.06107453184959,3.40139844069992
Canada,CAN,1.24276123131684,1.18367554138942,1.09893087887878,1.09525810706129,1.03476948386834,1.04531178311831,0.993788591465188,0.829909353323744,0.812842623716166,0.931281553452429,1.0861994547665,1.08479328329522,0.899226809998674,0.932186964148048,0.94708626967041,1.01355939144957,0.970654173316653,1.083871149194,1.14470768476526,1.11135202971694,0.97540725097113,1.08374652233653,1.05338098055318,1.00142284689661,0.760300145238936,1.13153974027004,1.19543575451553,1.43322615679352,1.46171259938134,1.08436897113225,0.553902422386893,1.80390457488184,2.90468017061162,2.96220294420494
Central Europe and the Baltics,CEB,-0.247419130546434,-0.324609501806508,-0.0631650560563044,-0.0184764837376054,-0.143117925972543,-0.216913404828966,-0.186425684036871,-0.167998487772591,-0.162519116055211,-0.563773690484113,-0.729067856444102,-0.652588914336905,-0.314241146330712,-0.274658938488359,-0.272920120995345,-0.254402113821936,-0.372939772327643,-0.358270056820759,-0.191997901063799,-0.362321893446287,-0.237214258031937,-0.235021587775693,-0.346441569732424,-0.279993650668035,-0.297993499615906,-0.316337439806704,-0.302888085449285,-0.257617487691325,-0.205872946873443,-0.63867745350422,-1.00291129900562,-0.13367547636684,0.111693279901196,-0.121594654206648
Switzerland,CHE,1.24982602441627,1.10252107229095,0.910715565788466,0.797158411024818,0.668242326234317,0.441636406706345,0.240891210155647,0.297135765740057,0.476919931285641,0.561954617400164,0.632771238018431,0.756469145838096,0.74191960337232,0.687425960233006,0.640601540243491,0.627558473346134,0.893690977823134,1.27061807385776,1.24948463127384,1.0415580576588,1.11187894263206,1.06181932886789,1.14987975781229,1.22010397343287,1.13833715247736,1.09203117387253,0.933155888738653,0.736633975172522,0.713313668444329,0.730676195047382,0.765501039496593,0.829927183900371,1.26498425447772,1.30500749907811
Channel Islands,CHI,0.822677561252511,0.32110532016154,0.173272581725528,0.123385747713563,0.057849249228729,0.218698077621589,0.444857971479324,0.47216244923927,0.440128401854177,0.376103046296504,0.498384652290452,0.690255844571338,0.717325515279559,0.712216582260157,0.712404500701567,0.70801362983327,0.707543263751395,0.705129687243067,0.702731939855193,0.70224119137965,0.681691594926131,0.662148684316799,0.626273191358049,0.584896106024657,0.446380040967648,0.262115340226344,0.265690188653133,0.38266747377841,0.417438625700863,0.359172843142478,0.30392604241618,0.283869921965387,0.284259058075622,0.25906981677504
Chile,CHL,1.66290007957355,1.61244609996212,1.55575470326431,1.50594720365816,1.46395387384967,1.41256567140629,1.33747554386278,1.29984189219994,1.25802753178631,1.19601925947085,1.15569441781061,1.10379186272101,1.04651515030085,1.00938163923532,0.992481122862039,0.976434392610197,0.978803488234499,0.999137869915681,1.00886800592722,1.00455362363927,0.986604121119825,0.959562935237505,0.95374468290385,0.996818460180589,1.0215666887643,1.2094154366484,1.58394825779579,1.78538584857741,1.59911795256016,0.896491953505063,0.441498091207504,0.495789591494285,0.53962870957127,0.537425495656651
China,CHN,1.36443400840349,1.2255362283362,1.14961943083465,1.13026063215591,1.08650915088974,1.04814151412165,1.02345002419879,0.959550406298151,0.865851392993279,0.787956592953992,0.726380637838525,0.669999567758626,0.622860936133583,0.593932815112141,0.588124989556992,0.558374367373002,0.522271866392275,0.51238693163744,0.497381400884935,0.482959688678361,0.546457594880274,0.678345458846803,0.666072977690069,0.630326389541893,0.581456146657648,0.573050906069647,0.605245013482969,0.467672053461959,0.354740890170827,0.238040870229883,0.0892522000412526,-0.0130995013525784,-0.103794531589067,-0.123063407363995
Cote d'Ivoire,CIV,3.97333758123589,3.99092066742327,3.97762421552749,3.93475451975512,3.90104410052876,3.87367317960594,3.84212357223658,3.7715073412938,3.25878249601035,2.76729583954346,2.67539291726228,2.58396350857445,2.49227881118865,2.42497124712807,2.38748971138117,2.35559796287643,2.3271214491968,2.27477682329573,2.22245214914258,2.20359114199838,2.17265768049368,2.08872019159152,1.99427988380631,2.42493545476417,2.88906178023194,2.90076810314127,2.82237176165589,2.69696827034562,2.61916841176218,2.53019803537112,2.47398737434864,2.51622934953513,2.50384681190665,2.43618201263834
Cameroon,CMR,2.91649859858171,2.86561545097735,2.84736268467474,2.8078428743676,2.74525060356896,2.69148816728723,2.65155206464138,2.64804169057659,2.65296340314705,2.63276307164066,2.62643255915311,2.68124815756453,2.72747133462562,2.74741504067453,2.75573848394242,2.74855128044116,2.80627824632764,2.86258453269924,2.86539222671372,2.85766146651935,2.82842297078772,2.8130471843416,2.80909371019789,3.02592195035823,3.13934346036401,2.98933225067819,2.83499798189177,2.77030987519388,2.78164441246944,2.7244863481235,2.65496076580698,2.62905090961273,2.64245336134821,2.61268294319567
"Congo, Dem. Rep.",COD,3.32896574554935,3.37819074562411,3.57407160295395,4.73302553589306,4.15133342018812,1.92231853470865,1.60697628662433,2.7168325472246,3.35830626776397,3.20780748301006,3.1670663452371,3.05620605844951,2.92124332432638,2.94457864295254,3.07172770424984,3.08284543640824,3.02531584938763,3.01581282864875,3.09097719189927,3.18751592835336,3.28016564590395,3.33860489598034,3.40170849300578,3.39069033335839,3.3022434270539,3.54100823238224,3.65684620577994,3.34726508426912,3.1695285579572,3.22098049233111,3.23790848096045,3.2234019442495,3.25963514299902,3.24257627586721
"Congo, Rep.",COG,2.84375270288645,2.82732962442827,2.95877222797506,2.96210080829983,2.81495847083628,2.77351309990398,2.13764124883637,2.19871345259958,2.70071143354333,3.83186610159414,3.77361792459761,2.36249435317099,2.79519896193446,3.41769832826944,3.60380377830421,3.74399199815897,3.65924543843284,3.28885266905607,3.99594017742806,4.14243050486562,3.25058981932031,2.79640825415116,2.43092781986762,2.41608932821437,2.41638740919909,2.42169941927317,2.43024073423953,2.43884022378671,2.40634419722279,2.39477691216791,2.39414288318435,2.39665300284304,2.41919038084212,2.39829082784283
Colombia,COL,2.00897406347511,1.98094862084333,1.99678655879278,1.97202887200902,1.9096370992151,1.82129460113512,1.78958066993845,1.79149449060697,1.73833578882204,1.63798274950516,1.57194688390217,1.53792282248162,1.5081090586904,1.46883725533231,1.4002642115634,1.32542990992624,1.26689099629201,1.20339154806457,1.16491370094378,1.13596836363633,1.07133727666266,1.00290782655336,0.948709328751527,0.892711563926366,0.864942376762699,0.990548549326914,1.45147726169193,1.83913784861099,1.78615507724394,1.43632167326968,1.09642825395961,1.06829295530618,1.12092864340999,1.07447920962035
Comoros,COM,2.43526463269378,2.07617358522542,1.82558236566461,1.77024659975985,1.73619184593212,1.72199066913724,1.72218731995402,1.72206986217565,1.78213857663893,1.91989444545768,2.05675116831034,2.11608023442771,1.92701943618421,1.89592485384757,2.04084019817184,2.0170547631074,1.99305922756432,1.98685114604965,1.98865318234701,1.98790768401212,1.99871797531046,2.01149862727803,2.11384957294193,2.17541496047092,2.11093338446849,2.05111578193354,1.99257798738542,1.95274153616222,1.92385702700328,1.96199379762606,1.97631988078353,1.93837687010445,1.92327433672711,1.89182789744612
Cabo Verde,CPV,2.41007225580579,2.26976033226457,2.14999857933375,2.03480825423247,1.90171027115883,1.77250887678015,1.6815812275736,1.60125908365746,1.51982553166013,1.51097073984668,1.52715832330257,1.45645106544752,1.34770321112892,1.25679558194683,1.19132344131983,1.15040265762577,1.10689150817132,1.03555151023311,0.950085360363308,0.717181999615317,0.325685661710053,0.0992767342106355,0.052725108136232,0.0197159536864678,0.0132719182020122,0.0312210963482392,0.0661175101881539,0.101723857752759,0.134109462358547,0.11178257414313,0.38203217521266,0.596688345869947,0.497087597239901,0.486246288487151
Costa Rica,CRI,2.5450931455096,2.53101725222341,2.50102787685133,2.45483655616742,2.40636903822296,2.34382507825926,2.25938084660032,2.16793763840442,2.07368143393479,1.93953648052985,1.79219125961783,1.65151245454059,1.53582870223889,1.47010716590985,1.44571011925289,1.40053416057494,1.35398044462869,1.35616451871952,1.33639622760454,1.24057536472066,1.17549258554055,1.16676672488044,1.11328546681261,1.07499865275958,1.06246520512643,1.01105286688192,0.944345948457895,0.904494518403601,0.838278384859255,0.6929953994471,0.508564932290693,0.429453043658398,0.46646444898736,0.476482848761595
Caribbean small states,CSS,0.622309110450173,0.778900968985098,0.769534437046228,0.764109470009934,0.849533590652267,0.872571027540678,0.844878360381325,0.823212927890087,0.809205493589735,0.786660535791513,0.776959023973915,0.79214662044116,0.797894040767662,0.727514378541612,-0.765092501109744,0.577688218040167,0.634526976899091,0.635011091350496,0.530304868383527,0.635465035251728,0.663258562426195,0.648625119003183,0.689056755355642,0.675639971237344,0.642854099713262,0.627162236860335,0.569787976717434,0.946415905583182,0.801650066715792,0.363226824115709,0.444484009630739,0.404234861975181,0.501131442241158,0.422918747707842
Cuba,CUB,0.804156611215522,0.633956474992599,0.510755528742472,0.41413869035025,0.360738635076928,0.334878342165694,0.327177811070877,0.333850361499209,0.339423118944191,0.332523063476085,0.314767893063089,0.298241158634859,0.28557024938914,0.261696675732895,0.211525541164423,0.141927411231616,0.0773027495682228,0.0397714096996831,0.0261838045235437,0.023813604568028,0.0368335212213653,0.0141917100302061,-0.0443159532912746,-0.109741702698894,-0.0949432805207596,-0.0838750367097098,-0.157976772172404,-0.1843030451865,-0.216424863402489,-0.236755669324081,-0.486006262271645,-0.562151275082133,-0.361317873522215,-0.364986968189241
Curacao,CUW,-0.688056323323484,-0.340600020579915,0.268553408849753,0.229122133675804,0.351314684120746,0.800841487823614,0.443290344067027,-1.70475050957122,-3.55373781613171,-4.07538613162288,-3.6617798581649,0.122361119924304,2.06210246711066,1.72502952808587,2.55007380740239,2.56811425717747,1.97486219793502,1.25822530732751,0.65115206175087,1.26551415533004,1.42089766276671,0.829929595036991,1.13367890654299,1.34764139563651,1.31959390251523,1.06031644056836,0.319536038312865,-0.525178744011738,-1.19643951751799,-1.25208156177086,-0.991508623687595,-0.408112025783182,0.865660085534404,0.845408275786684
Cayman Islands,CYM,4.86088220725656,4.74738163029526,4.62563473725116,4.48809994059442,4.34111378801683,4.18683881903638,4.01856441263758,3.80643482541395,3.62244749852824,3.56640069722567,3.50443844716451,3.40929876733717,3.28550743410603,3.17657692300086,3.11724827664581,3.03959413986438,2.97206282837332,2.90387130778235,2.827622397931,2.77574348652733,2.74754077100958,2.71432817487524,2.6238432105591,2.53348566839008,2.43357767472909,2.33773131582921,2.24869427399836,2.15526905432315,2.08009420729087,1.9954930548265,2.05206347593734,2.09324575309515,2.00104859136332,1.92419238887509
Cyprus,CYP,1.33474335456999,1.41642910298543,1.91807881710741,2.23065319444484,2.11187434623439,2.01901883303889,1.94374848704265,1.87410706426377,1.80806341864318,1.74925863858297,1.72198539478757,1.77978522540643,1.83243139832695,1.8127204878139,1.77957653069647,1.74760698284514,1.72029297747734,1.69266521990115,1.66746501269811,1.64898311615441,1.6424698555703,1.63540837414934,1.57480485967812,1.50114149056878,1.46213136863434,1.43370522557944,1.377808546931,1.30393306995205,1.24612155650882,1.20329712567783,1.1499785451605,1.06174678712373,1.0167681770201,0.984449687113221
Czechia,CZE,-0.240064841789636,0.102241165106867,0.103947042476644,0.0361217655856125,-0.0613140627238111,-0.11638129923463,-0.107762749274352,-0.0947447516571582,-0.102175934295454,-0.280414108078884,-0.375719704335905,-0.192901617564167,-0.028620590719166,0.0304348483027166,0.138325980046718,0.270795629232185,0.583542205385113,0.829412602993033,0.569729451418061,0.29136167418042,0.206747667335417,0.139925655740972,0.0331699460503076,0.105277581527518,0.196588748472653,0.192048415842684,0.265642663548985,0.334427262299794,0.393788864202175,0.243222682211879,-1.81187141002542,1.5709725672011,1.78238907045946,0.376553049157494
Germany,DEU,0.728605546561364,0.760346946721127,0.657391218087626,0.346856648630233,0.293904443716697,0.289474899455448,0.146313281561803,0.0151436508552808,0.0646345779052372,0.135431600393084,0.168225361337335,0.168128319406931,0.0553633035873241,-0.021709727650009,-0.0567782618352031,-0.112797497644931,-0.133718572600486,-0.190142844695674,-0.253383410163402,-0.153198446937304,-1.8537146287573,0.187727800567293,0.272900214681538,0.416877359168292,0.865702643950251,0.807218538573871,0.373724559895838,0.300526701992065,0.22551987421288,0.0816931586494595,0.0423270572552137,-0.0219565701848977,0.131511079477747,0.274957829184881
Djibouti,DJI,8.52204178299047,-0.808530681693408,-1.89724740533846,2.00900423413595,1.01034052435923,2.38402702915598,3.55583927718347,4.01682100112432,3.49382600154796,3.13983453232405,3.16034601005493,3.09696092483835,2.23054155487864,1.53756010632665,1.56648498246787,1.95849040506805,2.16896750475782,2.06043519210448,2.08325510197307,2.03332270229716,1.94884944824561,1.8993890613377,1.85261177020025,1.80056496059208,1.73961273409176,1.68519891610854,1.64286125399062,1.60259372935612,1.55766086478885,1.50228656339009,1.44268944208775,1.40352932560807,1.38410272350128,1.3592172957681
Dominica,DMA,-0.476523867679645,0.0418407029570831,0.155666731732821,0.0633503728623354,-0.0115152649357831,-0.0849660546943118,-0.16004732741785,-0.252848288556863,-0.368132363513844,-0.522635323904246,-0.326026063827631,0.115619638945565,0.239594557194758,0.172036782480506,0.123741672326271,0.104696825035423,0.059570080147079,0.0101669559495206,0.0145224299184914,-0.00726095133303796,0.281339010328044,0.094086320276983,0.860031375499996,0.9394164226089,0.0525631657968539,-1.14845280097172,-1.60754211187345,-0.471208891199626,-0.432182012456847,-0.453294538586472,-0.550548598917183,-0.561078261856387,-0.473991407609536,-0.459632350460969
Denmark,DNK,0.259518212115074,0.330671401713551,0.333166395661953,0.337707376243322,0.520962181078711,0.565926341934592,0.415564969331455,0.363162523600756,0.330886246186545,0.334233618829261,0.358315678955486,0.319487125340996,0.272010444031566,0.258432282052875,0.275481733409308,0.328645158919929,0.443466054321374,0.587547590258978,0.535079062079429,0.444197154509531,0.411737855195019,0.376272242619955,0.416901360752097,0.507053283010163,0.706423849687002,0.780392644135167,0.643350903737356,0.495838925879129,0.358130915892652,0.291641177476633,0.433414489409722,0.787502464739957,0.741185515720057,0.503861198167737
Dominican Republic,DOM,2.0578790631895,2.00207035295166,1.95588671013188,1.91867451075805,1.87366695978571,1.81876652347671,1.74230660119003,1.65352423438546,1.62144133588108,1.62045560357101,1.57295522360966,1.50182779865574,1.43989527377933,1.37429292476688,1.31090240619311,1.25120281923629,1.21803887479734,1.23469232350419,1.26774062661765,1.28013209833069,1.26934108138221,1.24691664021516,1.21814094005704,1.18674032060011,1.14988204322301,1.11122425240832,1.08787494846018,1.07428473724925,1.0333133463082,1.04334076460591,1.04082961778304,0.959629735113671,0.891159203732232,0.846199988604412
Algeria,DZA,2.38357644702334,2.43525019358237,2.40609915355137,2.21250190534871,2.06869750539347,1.95770195001196,1.86401965879386,1.59253627896162,1.3885288478211,1.3996685583388,1.37329134127777,1.33039477696898,1.32961524189621,1.39644042529783,1.46330884553002,1.54127363754195,1.6690716779345,1.81885306168943,1.91588522187232,1.9470588317966,1.9568943735315,1.99280790148967,2.01953115835273,2.03786524232338,2.05624795728459,2.05569111181654,2.03200060784518,1.93780623340147,1.84041291439333,1.71191216459393,1.61936460233826,1.58758210690673,1.49897601193923,1.39838651912702
East Asia & Pacific (excluding high income),EAP,1.53489978280529,1.42773909349235,1.36919713976278,1.34530564460638,1.31100736905972,1.2751829460922,1.25060611216781,1.18769078435041,1.08229768046584,0.998845430185964,0.943818239710051,0.889058021159471,0.846581153564786,0.813694495842485,0.802565580524512,0.794600232072768,0.790128458123297,0.780735561073522,0.7538010224649,0.741733055460152,0.782524367389617,0.873939068297723,0.857669799986749,0.813620594831593,0.764918012604477,0.747918955883516,0.757561926599341,0.642815839523057,0.550254605067876,0.452341336047048,0.314672689212406,0.234938160938111,0.185776878891948,0.168020512804402
Early-demographic dividend,EAR,2.3142730758334,2.2100748915407,2.11881553481483,1.99686218587644,1.99779648249936,2.07155647932099,2.03652537671502,1.96769974491601,1.90971423496695,1.87962415421671,1.85185364410834,1.76739371625407,1.72195177952332,1.7256294066802,1.68124872548438,1.66127213678851,1.63149490626191,1.59162913488819,1.5738011463579,1.54675845386388,1.55079919896062,1.49508383327134,1.45422467967722,1.37984591275929,1.37347316967011,1.33001077454781,1.26100135075766,1.21989783757211,1.22262600683525,1.21571614142701,1.0537443092784,1.11896236573035,1.17335447434549,1.15153053031295
East Asia & Pacific,EAS,1.44484225198275,1.34033064131922,1.28560129157748,1.26650289680042,1.23342378654687,1.21070450979739,1.175732570423,1.1192245381661,1.01298352408345,0.942759365568456,0.899894074298508,0.840585717137704,0.793411829437561,0.757360331773851,0.744135946511667,0.752157370874821,0.757697100667749,0.755127291401356,0.715386128615825,0.700770611250663,0.72941402680327,0.81496843964644,0.796731297454072,0.760790272606445,0.717905028401864,0.702994192128918,0.705272469380137,0.602464921030028,0.517740212726729,0.408472469030409,0.240142918855769,0.189259906183258,0.20253187675137,0.162505931911919
Europe & Central Asia (excluding high income),ECA,0.935156077425632,0.882619977071431,0.641062564651353,0.436708463169382,0.365618005253012,0.411552836220177,0.309683174506048,0.199487920720265,0.218653757301055,0.415829788565206,0.43316400289308,0.438893611520187,0.452437671213906,0.456768865895783,0.424810619398727,0.472279029603755,0.266361648914437,0.668118778867131,0.759249215166871,0.809647377625494,0.814554973650254,0.810010125822472,0.864218198399977,0.883800326645575,0.871845478201362,0.88773937316308,0.856871158993943,0.852581511333748,0.8793157332119,0.711353855412666,0.603916502040543,-0.538786451184916,-0.718285809218231,0.625303405947045
Europe & Central Asia,ECS,0.457861691638238,0.41074759912789,0.338331821049178,0.253358198276901,0.207330214454187,0.182342476833782,0.14641116575864,0.113876462310388,0.114529411034825,0.125518588445939,0.138363606350911,0.189546148046879,0.263935065444592,0.29135368027806,0.285303565205099,0.296854663709592,0.283077292879342,0.40437081297803,0.396899264558274,0.365344248524332,0.226370504568639,0.391715257911149,0.377713770382588,0.405208576724282,0.438015173384479,0.445442495501507,0.381772324719784,0.395192876004636,0.352371468193331,0.187722981344916,0.0775516646824869,-0.0158595443660913,0.0583071589761846,0.376645434713754
Ecuador,ECU,2.16013714348183,2.10568663668025,2.02997298367132,1.93487740447413,1.90154880558548,1.88400623342994,1.84701407802257,1.81253773221791,1.77669252856716,1.73622001498213,1.73078123060297,1.74851970226664,1.76411317879339,1.75235156486952,1.72987869573938,1.7182541754606,1.70789173160639,1.70519778784789,1.7057702083506,1.67708805313164,1.6415369766541,1.59213440589397,1.49740896116979,1.43205886583809,1.43093059839379,1.45809147770557,1.52946083980042,1.71572391035149,1.68935479627168,1.18125258230486,0.774314023514489,0.796723652034201,0.872456027022398,0.860548498593581
"Egypt, Arab Rep.",EGY,2.7569751613283,2.3894924999556,2.30727793019304,2.15400517051219,2.10420542038277,2.07336196347662,2.07255934283796,2.18480759530922,2.23056416641405,2.16091978529782,2.12380362345226,2.10372359745955,2.09545323003183,2.06437734857129,2.02220952721924,1.95291342300488,1.88753217077119,1.86740413264217,1.88836522446639,1.91795124102801,2.1044607622412,2.24475795490011,2.30526364315625,2.27643956620182,2.09892554805563,2.03468294927084,1.99817843887244,1.89713831833082,1.75497438173801,1.62495386951696,1.4908053906311,1.48609697540294,1.68834126904494,1.73324205302065
Euro area,EMU,0.417021472102541,0.41973217226198,0.410210624880186,0.302882626803933,0.243968603136952,0.235948478089024,0.228493969194066,0.207045023367391,0.248349316804581,0.309783222549474,0.328373127004872,0.490892859260833,0.551544594848061,0.559694384081159,0.527789533264838,0.478625381252648,0.53012279024379,0.501431370204716,0.341140919955291,0.254268113475692,-0.186517464738623,0.215209593126576,0.1578553952382,0.172265134663704,0.277766866073292,0.277164835719651,0.196591609106755,0.305339591222967,0.182555333029983,0.141183349191362,0.0636851427298447,0.285577850321034,0.447751495684771,0.399248576190173
Eritrea,ERI,-5.72814372342133,-6.50108562382429,3.13359997818341,3.07240153138472,5.65506612874117,4.96990491051363,1.10597798501552,1.30566874934995,1.47325833975698,1.53601457156771,2.85373304958379,3.43914956264516,4.13103377544635,4.10022739741036,2.39315582930907,1.57651841967655,1.45851723438561,2.63004117479615,2.50908465799155,1.96475727107645,1.79351881087532,1.27590736754429,1.22305147270022,0.674705166672434,0.334574415524454,0.614809318134095,0.817496698225399,1.33731409848117,1.47474580694345,1.56406078076077,1.77411588481268,1.75351368458045,1.77168715176453,1.86168851424672
Spain,ESP,0.254527424551043,0.48975790543999,0.518543520866421,0.476100555169168,0.441365749537872,0.416515798212804,0.41911951720212,0.413847481113965,0.405323025522848,0.447137014535835,0.694068084334464,1.41259540475782,1.80845446818345,1.7254663034483,1.68934904712031,1.69035255626114,1.85108130845179,1.59533049906372,0.88573598057307,0.460408305051304,0.355338396471428,0.0649259625617232,-0.361668780017733,-0.308309722343882,-0.0827492378541321,0.0771658726133905,0.243134086570712,0.451573724507016,0.716697775475724,0.510010189620998,0.178046695121711,0.718854879160094,1.17836618688432,1.02121260938381
Estonia,EST,-0.502159185195728,-1.82418155532121,-2.57431997803655,-2.13858863504971,-1.78539953576165,-1.47536463752721,-1.14091924023266,-0.960559004588775,0.294482275915173,0.483707161729931,-0.63696312445507,-0.633433796423808,-0.627622448059203,-0.597820510395586,-0.572255524659659,-0.589655559840225,-0.456188535090031,-0.268133719541207,-0.192768077420229,-0.22805796852935,-0.303582823643979,-0.357944411443807,-0.355891802625531,-0.262256175097854,0.0655525295417938,0.0291122255540077,0.121070631466687,0.348039137980543,0.371554389037477,0.197559185177642,0.105996956310127,1.33655151148286,1.57745133607335,0.149856351926424
Ethiopia,ETH,4.33132322477119,4.20762887536633,3.51513575633339,3.48116024765652,3.40438831875411,3.2998173533243,3.20515425246965,3.14046071441714,3.12448426110007,3.06823302462214,3.03351132311934,3.04403477269573,3.02102233073437,2.99474712931538,2.96602247201649,2.93729031507005,2.93015925736888,2.89435688963486,2.83966010377931,2.83517457968806,2.84354457485296,2.80390393439601,2.71847231803133,2.68299781796922,2.68480186138776,2.70788250761242,2.72524097063889,2.69675179524869,2.69123978261516,2.71077284780816,2.67249538803955,2.62269500936104,2.6036241976442,2.58350411214521
European Union,EUU,0.288803395482347,0.290682833001616,0.324733603477772,0.249393274836415,0.189216677992804,0.162952006210401,0.150392656535945,0.133802888186977,0.164734794291734,0.119607067359065,0.132707849765232,0.235772786627443,0.368018915492286,0.387751737585473,0.366879333170524,0.337818093606121,0.349793827267152,0.335518873945504,0.25357972385739,0.158405309698739,-0.152627121339593,0.148448909551677,0.0804757032721089,0.111838250459285,0.196771280273822,0.198866460412297,0.144811184101519,0.226283711237084,0.129990340516999,-0.00883750758193382,-0.14412771789192,0.218330558317555,0.378277783445594,0.295986183604409
Fragile and conflict affected situations,FCS,2.28441103440117,2.52258562334004,2.68559405704206,2.80447013327982,2.65723748738966,2.27604421194799,2.19146331978517,2.30938189814336,2.36259394363152,2.282655960761,2.29212871692483,2.4475604669203,2.48976021065206,2.42131788629322,2.42832533395824,2.41840548276278,2.3584562705317,2.41218202373325,2.48628173757794,2.47627067215411,2.44659633262787,2.44748667262181,2.41791205191125,2.3150574349708,2.21595392079001,2.21653974899583,2.21352712271255,2.19105018726657,2.20111520458581,2.22230381017643,2.18776192904849,1.89778804715376,1.9722539809274,2.3130258268549
Finland,FIN,0.546172018187903,0.561909850746084,0.483854088858285,0.431048902829755,0.381655333457214,0.328037913627481,0.297377330426395,0.265472962436301,0.232116249119004,0.2076065154133,0.227687341886374,0.242381050233372,0.238457240068217,0.290350361518584,0.342248594286999,0.383777136305104,0.425429832100631,0.465549284507694,0.478246393482911,0.457494535465831,0.463558707499131,0.475809486683209,0.460723772785295,0.413560207519414,0.329383885818507,0.287421401687637,0.234670531705453,0.132641040791912,0.110191690491055,0.143641197212847,0.207288594407348,0.271944526506117,0.499192375381062,0.642640054363343
Fiji,FJI,0.816503481425083,0.727158824335362,0.63755400111807,0.555409782867107,0.498897500907314,0.629379907071343,1.03347108524829,1.23827066451942,1.1571474257357,1.08577609197596,1.02774927786764,0.990026503572045,0.955390066776006,0.928394421815226,0.912261662506839,0.900982208728377,0.835147738211046,0.618134789575492,0.424160517694519,0.34990116341096,0.28188992280493,0.211061144367838,0.156612656036956,0.134464835572885,0.108160342715375,0.0639915048086223,-0.0442890767199793,-0.172010114641272,-0.24900685817593,0.00699506301854314,0.190863715994045,0.295294727557318,0.51237740019889,0.500721796949901
France,FRA,0.502041652701803,0.498024782624795,0.43494888453875,0.374521801846337,0.364159563395629,0.357448008376034,0.356761847855923,0.37054023067343,0.515860143523548,0.686335719566776,0.7289939490983,0.727033002641047,0.705638836747311,0.732625502527391,0.751885116821619,0.696338574828463,0.618225682593305,0.558020613148126,0.513351013325229,0.492976371032656,0.482667411007127,0.483714919435185,0.516915013016667,0.474847846171767,0.355569240058298,0.263868788565368,0.29020211635109,0.358494581816163,0.332559129027963,0.324557781035362,0.356902332389048,0.502320929337976,0.275093143443794,0.261995241898747
Faroe Islands,FRO,-0.615632230028282,-0.337788232597582,-1.73423998530045,-3.90313778916051,-2.45522264275184,-0.0688136553441187,1.25638673392033,1.22065340133054,1.0510005450021,1.33775372322055,1.90721125852353,1.48986474020279,1.46174758701968,0.730172510601633,-0.0516833270758382,-0.0496411369740636,0.0889229014371259,0.34872359301474,0.501346875989747,-0.275018644732287,-0.234568008788139,-0.520479519357871,-0.0932285098134919,0.376523605142669,0.967878752847994,1.14881858822938,1.43714086820087,1.61306573375997,1.54884989080127,1.48148018439056,1.38107824235297,1.14918061925921,0.926838604956977,0.489482621742025
"Micronesia, Fed. Sts.",FSM,1.8326791405429,1.97732400975085,2.13344445785382,1.85902522746243,1.05333729655509,0.434507789615144,0.325546659835609,0.275120651130129,0.271679603302952,0.325401227572671,0.286084977816685,0.0738391496676066,-0.145061053412724,-0.321127790347554,-0.459396250703375,-0.614926692700671,-0.769691346591573,-0.862830740479894,-0.902755412822123,-0.387012831252087,0.146814250624888,0.178117567546797,0.213878078483849,0.254021760761961,0.294778945170204,0.329674160226437,0.371529920950747,0.390173246703998,0.338797095962346,0.573243642479669,0.636292251926478,0.438013018270765,0.459189928699194,0.469463637376133
Gabon,GAB,2.71596477280142,2.69019023311537,2.66313721619497,2.62054442635647,2.56947054894018,2.53192547257579,2.52206040049182,2.53208551111539,2.54866423910635,2.58540209287646,2.6318642070048,2.67810322358967,2.72905696679518,2.80043793009716,2.90380819435636,3.01803087434569,3.12630083622847,3.22072516127824,3.32765333333101,3.44994267851283,3.54739719912158,3.57746904510728,3.52009296367142,3.35844001734251,3.11465625322556,2.86485541015556,2.65889572463952,2.53688289832205,2.47279132038176,2.38922359813697,2.30612435799096,2.24763901253797,2.19891289669511,2.15636509762581
United Kingdom,GBR,0.309247932319381,0.270431182081877,0.239745439286479,0.254586486858912,0.264547416858702,0.254626384215086,0.257553323280351,0.291406085432392,0.333405882184416,0.357300887421605,0.384975969564228,0.423337079636281,0.465641113602993,0.568943113421317,0.68661130607346,0.73504867842129,0.778666112441256,0.787032622318939,0.756390859593407,0.783888646646516,0.781506562236639,0.712282568284022,0.669537112028056,0.747135714780007,0.721624002974263,0.79421971482011,0.545706020084833,0.488451313281444,0.514596380840432,0.169447088341033,0.358937930235741,0.921336799385098,1.30497972307431,1.0659564474212
Georgia,GEO,0.703475649320206,0.774511050286416,0.76855845063073,-1.5394301205047,-3.75771606823635,-3.62954607972126,-3.20751817162219,-2.474222975613,-2.05737687863556,-1.9446291567975,-1.55123839698929,-0.89725367267161,-0.675365805865971,-0.619262410024726,-0.635292218459481,-0.568484712403705,-0.521646734447263,-0.303790529341209,-0.888185042750245,-0.729475256932528,-0.802164039694326,-0.736565518814038,-0.300972141406188,0.0469539002549217,0.157481405176007,0.0598165991047394,0.0133860746662629,-0.0390365463489613,-0.171565740223868,0.0686562494680967,-0.379636607027231,0.104889950638883,0.0802640328443946,-0.429560042538271
Ghana,GHA,2.51983177629257,2.48576941139296,2.46951819870346,2.40415651514833,2.36010348077285,2.33565497080505,2.37895957415826,2.43236771924415,2.44120807599366,2.51243583964957,2.6631054412646,2.75013769977312,2.69999623325849,2.64856422445373,2.62275723095941,2.59967236461776,2.57742881770877,2.5377798286274,2.49528498609835,2.43301424000427,2.40497145453178,2.4199090803465,2.40927930949909,2.36498553072391,2.30712733064921,2.27621203911157,2.19535792776401,2.07517136640112,2.00780519953703,1.99181985149439,1.95904584379494,1.92029034344132,1.90860289687983,1.87500010333119
Gibraltar,GIB,-1.11650389005942,-0.0743826276485017,0.711799550133746,0.622366626171664,0.505347494076379,0.400992080034465,0.345022042311084,0.246234191619789,0.151783484743528,0.0613707353064771,-0.187840968427667,0.627164685467723,1.57921471055966,1.54769798714191,1.54811481907819,1.46708555733008,1.38257235844791,1.34727869179767,1.33910159620069,1.3694209589518,1.30986803185429,1.15876879502585,1.17327064425681,1.24503294852893,1.1514231987378,1.39117589725216,1.72897993589869,1.76273395885819,1.81957598739227,1.89493160765265,1.87597072209458,2.01706920456894,2.26613272520816,2.20574495293092
Guinea,GIN,4.00298960201175,3.19168243312344,3.04542453399326,2.99788557428445,2.79434245679932,2.82968670530382,2.05511135158285,1.8812346948277,2.24064838568983,1.96135964318577,1.3098114321983,1.55813303817429,2.24251877202579,2.14071157501219,2.00041954618802,2.09058658116716,2.31497296404672,2.41908604968745,2.44158489420853,2.45929310036327,2.47697352651722,2.45416156342286,2.44471498509098,2.48019346390261,2.53151277572433,2.56690869267138,2.55652318226129,2.54385572881799,2.56100451729991,2.55139953603925,2.50610419423246,2.48250409145397,2.46199049961035,2.39595802290484
"Gambia, The",GMB,4.20203326368108,4.06398984278952,3.66656079991363,3.2177925037665,2.97725538054394,2.89194004292625,2.83918735061881,2.80576133005976,2.77821307558819,2.73837212713207,2.70699337593192,2.68468779375919,2.69312348458537,2.73240205558954,2.78121010687734,2.852561853424,2.90157035551494,2.90664631280342,2.90429853945953,2.90737929979677,2.92337692748517,2.94591935774346,2.92894143394412,2.84475839442236,2.73428839872651,2.62819405087404,2.52588138504562,2.42294300881827,2.35622071960344,2.3686612920428,2.36774778418782,2.31992109797091,2.30124049704572,2.27730257212036
Guinea-Bissau,GNB,2.13084470989571,2.94395441757296,3.3020121973914,3.09550207753633,2.52438833577734,2.08411932394768,1.90644469915242,1.86387310391317,1.89630732259312,2.00706384351502,2.12602969093669,2.19833363261225,2.26219170729877,2.30540545476551,2.34505544706955,2.41122516333709,2.48996828898925,2.52259007377628,2.54277273891846,2.58492032110101,2.62922766462762,2.65952739224803,2.66229101877146,2.62731155689981,2.57045957815277,2.51155296505032,2.4363257519627,2.37405997248475,2.34095994762157,2.28895000835492,2.23903878745423,2.24235388639993,2.24529187264064,2.20520563612008
Equatorial Guinea,GNQ,3.71344624108483,3.69997148660368,3.70010107990884,3.72487540140105,3.76822937217459,3.8172285032395,3.86718544941997,3.90730641331893,3.93421808112877,5.26428495953201,6.41008323195062,6.2200195333548,6.06631754137354,5.95846501494265,5.13840208613784,4.43647900593476,4.51135451899463,4.57370994415875,4.60787133294314,4.59586770504622,4.34060206449919,4.07484554769573,3.99605995538999,3.90501924555756,3.79160484192286,3.66421838047825,3.53129362583944,3.39945242088076,3.271454421427,2.73390823188935,2.43551071649529,2.5130374213272,2.41057232825781,2.40472649031131
Greece,GRC,1.20035253672646,0.76388272245526,0.588261919240559,0.500703437870186,0.467197289199787,0.44067053086068,0.493267144825827,0.554211902922578,0.383471311618576,0.409041838238246,0.51988446396193,0.366566462148184,0.238643175320258,0.247413542822812,0.293249074052818,0.30033180096664,0.254757581935775,0.265457836726293,0.263026401346927,0.128880432668041,-0.147951277402184,-0.540752950543684,-0.725120806658085,-0.666113290031891,-0.658861360878339,-0.415913028277122,-0.197783224759792,-0.202880238259165,-0.105339392724138,-0.214592106571664,-1.21680248998544,-1.25988945727074,-0.283349545727581,-0.0213045199396999
Grenada,GRD,0.83288152698663,0.79943112085571,0.764769591406898,0.735698141186243,0.706259245855209,0.686008648507177,0.675636393755152,0.677705597105252,0.675017605197415,0.676075747933343,0.497591980928424,0.385413918499282,0.44181066675233,0.402370769308206,0.375245239614051,0.364763058562721,0.350771012752736,0.337822901198071,0.322305028053305,0.297971859311282,0.440838574124411,0.619070350394075,0.629360962214971,0.566738037163935,0.475508745345535,0.39511639438688,0.26716646126376,0.218925449466702,0.250354079448358,0.309914935427349,0.297817230024271,0.192636221230939,0.143593450145476,0.107559936614412
Greenland,GRL,-0.180018050414785,-0.361011222409979,-0.180995524523942,0.542006746933911,0.539084863487637,0.179051077378829,0.178731057409588,0.178412179350139,0,0.151400483121501,0.344693138270771,0.382389334180998,0.275263526725236,0.258691377800952,0.0650075132923012,-0.281417827094618,-0.388247200827777,-0.402186876651222,-0.00887697402292811,0.373924959638993,0.62773516895633,-0.14072121935205,-0.577265864735276,-0.333398666658893,-0.322038549275343,0.128227978389047,-0.0249203440297217,-0.265609140509557,0.359917714454119,0.252238303411568,0.506106194434674,0.0141200557976914,0.359389425458904,-0.0510109860579076
Guatemala,GTM,2.70887378380925,2.65707563037112,2.66822004304583,2.66323183173165,2.64574830362473,2.58937937554223,2.55808378912126,2.55860019843295,2.51603216485806,2.37572059022903,2.29722223631695,2.29188375209677,2.25198017204481,2.22294147751077,2.16441478461999,2.11558878139909,2.10656403182052,2.05271863868285,1.99245795432888,1.9815646590713,1.99386386318175,1.99138673642109,1.95360189099984,1.89511231857489,1.83250767864618,1.84256060230578,1.81876091504989,1.66602273310221,1.52062955252943,1.47137710546514,1.3807587059317,1.40623710213146,1.53986971917384,1.54129399660934
Guam,GUM,1.76132526731674,1.63116255707427,1.56448336556319,1.50860377751961,1.46752454118036,1.39965160010713,1.33559873499167,1.30263524924074,1.30483910040137,1.11575065774253,0.786577544702888,0.609313350805491,0.505144689798619,0.411688102683209,0.338234496297291,0.287967538398627,0.259310790976279,0.257433064578674,0.289273583143063,0.209801847347007,0.0126101511883972,-0.127375540693071,-0.219683082780057,-0.289634900711689,-0.351704858120325,-0.408339926567039,-0.453432485979039,-0.49728924043186,-0.536848682318792,0.216072141009173,0.964756108149453,0.881705873116992,0.799555642468131,0.760437189316384
Guyana,GUY,-0.271473137937932,0.273740099309668,0.406421315369503,0.37871527455042,0.338922930937764,0.281517111831782,0.225772716999827,0.17577311579919,0.117403088869874,0.0456413500238234,-0.0464261972402426,-0.107975187978655,-0.0721793274906879,-0.0895433023955464,-0.197461943777183,-0.256336166889951,-0.277736358188614,-0.298385829541619,-0.333444259304938,-0.378060196527414,-0.41500411640408,0.0180911674723709,0.498962145496388,0.559482928582681,0.601716278706478,0.626279284065059,0.643724559372237,2.95873919098606,2.0146740033225,-0.0227843180487706,0.985982406099209,0.751934221097092,0.57233513230005,0.571243951310838
High income,HIC,0.7106129341044,0.723430010681571,0.669560806032268,0.622866218735956,0.590154059857716,0.580703022825358,0.564399048952611,0.545967004197367,0.519178202072952,0.505295213959564,0.508177773926126,0.511001412716746,0.522142632942797,0.54490657089991,0.541181120513218,0.600588417522478,0.667569622829571,0.69405357893488,0.612949147372096,0.445325900959658,0.44306732486072,0.588031427459731,0.573539512411451,0.542641219826129,0.625470745631914,0.603644277168812,0.438210790774263,0.345942843080989,0.336377587378765,0.266061996745819,-0.119081011909814,0.443557186924958,0.726145835222487,0.683062339562105
"Hong Kong SAR, China",HKG,0.829228336445851,0.839650031457883,1.71777073417072,2.25203043111788,1.98013277729748,4.43860779481101,0.832512854813318,0.834808807338866,0.955125814331738,0.881594075853745,0.736962668138432,0.44284682728195,-0.197404126472125,0.77991856230718,0.436871406105885,0.642270482876128,0.859633272217027,0.598238786949717,0.215353334344996,0.734446396338105,0.672543291818633,1.1039579972368,0.401982535858444,0.702370950536049,0.851197911086988,0.619366345332479,0.768513877614955,0.800230596967774,0.739283471323064,-0.358932661902885,-0.91177674914823,-0.907914524343304,2.55352466697343,-0.159360467186035
Honduras,HND,2.83669117205293,2.84070727716059,2.83932196540695,2.83578425221741,2.83430430416844,2.82263280263084,2.79758191616759,2.64892008444086,2.62830155529534,2.73259067031821,2.70297142800253,2.64113992979828,2.56598338265854,2.49393448320234,2.42763175756451,2.35854731680492,2.29767725446285,2.24385864950969,2.18878854544431,2.12597244017857,2.06679823709264,2.02251270813154,1.97914318489325,1.93678209287486,1.90365241356179,1.87756675968273,1.85007611234979,1.82994643094924,1.81063773761993,1.75456432541029,1.66825063176954,1.67679658023776,1.71477388415816,1.68469129774697
Heavily indebted poor countries (HIPC),HPC,2.66121711513571,2.94375559544966,3.17611603253639,3.01455048174868,2.88101164923383,2.86588436332837,2.78882632789729,2.83471501264318,2.84070962359023,2.71448952208293,2.70447730584713,2.88266705470546,2.91846284171644,2.82375173512255,2.84094373344625,2.85703988773494,2.7576125820858,2.78258011781429,2.82877092973364,2.7711118820923,2.77686446894332,2.79470685123071,2.80676664998292,2.85908732237259,2.8494534794996,2.8770019294705,2.9286931607585,2.86228693391458,2.78235199383994,2.76199816104367,2.69837604262292,2.6039305560871,2.58382569029571,2.59427556820421
Croatia,HRV,-1.86657353088556,-2.44385513691215,0.537147004460399,1.11454431106051,-0.690119513541903,-1.37154005901268,-0.487835515074698,-0.061431194309139,-0.432031162225091,-0.986434858645568,-3.8476707266781,0.0588712912047699,0.0284699231131846,0.0279042785156658,0.128732789322745,0.0235231237565747,-0.0218526602655707,-0.0118794578559279,-0.10502751669287,-0.226821270818422,-0.345264228485821,-0.474278461071106,-0.622679127955842,-0.766382113019195,-1.19410185876662,-1.08634598144505,-1.60675520461679,-1.31087324504252,-0.992302961069294,-0.894863743984583,-0.904000889163613,-0.603521952188318,0.104856226330186,0.168627948783285
Haiti,HTI,2.03631743410881,1.997247117895,1.96485594576854,1.92672258189762,1.90597118137502,1.89933701618306,1.88596217408093,1.86484829220057,1.84675522078588,1.84581482966936,1.82314699522453,1.77837458948683,1.75355620763416,1.70178992075307,1.6805859467599,1.69924650861823,1.68627123390703,1.66611362408622,1.65252529367171,1.16672671353074,1.13206279763289,1.54988860322553,1.50397078747826,1.46512576303264,1.43574035756707,1.39862723308259,1.36160662434986,1.32790959369268,1.29423660619831,1.24109993204209,1.15604339382525,1.12789828650149,1.15633263604117,1.15472671204546
Hungary,HUN,-0.00566818338922841,-0.0391365832684134,-0.114035594392761,-0.13688310430324,-0.139220003601429,-0.171771608629025,-0.201458936335808,-0.232679336866497,-0.283260610485194,-0.259764908288633,-0.229379183308447,-0.28475137719698,-0.286433268128688,-0.221439378654807,-0.198878843237103,-0.155716484651578,-0.154915158060948,-0.17509736747488,-0.154908813950621,-0.226013875689698,-0.283360435946948,-0.516437606548041,-0.481259646558662,-0.402887577253118,-0.35946625276649,-0.388598014975531,-0.338685889370073,-0.203687269785053,-0.125143121699401,-0.252049642963059,-0.409163639262836,-0.268850150860009,-0.134269181500181,-0.314510077464087
IBRD only,IBD,1.66046200996137,1.56730475124334,1.50269105307794,1.45090991179324,1.41590961196825,1.38923824794138,1.36469148741606,1.33968327658909,1.2903489689207,1.23283602771546,1.1916765400745,1.13831115330932,1.11091112405031,1.10719613630572,1.08331441968879,1.05619746191176,1.01019495547298,1.02139934985203,1.03359717417559,1.02685278367989,1.04122845236582,1.08590269928117,1.09410017169863,1.05616115930587,0.992030937128853,0.953226967586102,0.931910507109358,0.860957217689987,0.789332313249615,0.683339753441515,0.55022908934187,0.467464056138187,0.486132477630617,0.547934946841121
IDA & IBRD total,IBT,1.85078321360245,1.79129270062679,1.7535633905292,1.70212210041431,1.67061441677802,1.6495968126495,1.62077926002338,1.59472455575465,1.54726085408611,1.49800954857451,1.46718574815845,1.43024655190937,1.40815543573873,1.3995656463641,1.38142434849918,1.36983007329521,1.34271177360178,1.3474837589127,1.35317379829476,1.34740543625619,1.35337050901708,1.37117454601056,1.34051785425203,1.31718284995054,1.27145489300496,1.2529411198776,1.24778380788228,1.20461574479516,1.16164365882852,1.08975675424835,0.987844191672511,0.917750690506847,0.934540925739607,0.982261958297795
IDA total,IDA,2.59874343862315,2.66265680715849,2.71830122563143,2.6565422877494,2.62668264697461,2.61505308260361,2.55897723156811,2.51806951397585,2.46649239877153,2.43558263152972,2.42948780707826,2.43707115317124,2.42000909886359,2.38204935551316,2.37044741199863,2.39677009897306,2.41663261186816,2.38613867438538,2.35750751248578,2.34160294661654,2.30906195939448,2.23410985084653,2.07801725152331,2.09054627133134,2.09055878586563,2.1216213036709,2.15242847663251,2.17643431951456,2.2002330497674,2.20697227672982,2.17204922002576,2.11647988754299,2.10890112852526,2.10181988211952
IDA blend,IDB,2.99277267931401,2.81824472222734,2.72760434160788,2.70089123942507,2.70943278592163,2.7236060348367,2.67702331742095,2.6459907112148,2.57316426271905,2.59904378351575,2.63724071563121,2.50689383480259,2.4699335570923,2.51590073315121,2.48755830806061,2.48740980404259,2.60160016341566,2.62206504118019,2.58237606232384,2.55223333507348,2.44073708608087,2.27640450531804,2.1278380689323,2.07692400692233,2.02401684941257,1.9603728587418,1.97875951411748,2.00142239236433,1.98455712089246,2.00303566755831,2.01581444092209,1.96732800737651,1.89932789494521,1.87305223436203
Indonesia,IDN,1.77013689509296,1.7332257161332,1.70158442607601,1.6859518715422,1.66278546327292,1.64546182640737,1.62630782020292,1.58071800042293,1.50317096427875,1.43244007763682,1.38801892806803,1.35572575488289,1.32378197652859,1.27101139474106,1.28380661170743,1.32525502272966,1.32086532413059,1.29735043016571,1.26698625068088,1.26054140134601,1.27668830646548,1.28583816632167,1.24038001568984,1.17536091203837,1.12233981761262,1.0744882002252,1.02232939771064,0.969743409524713,0.935604959235128,0.849801187379341,0.704601321926319,0.746050469653246,0.842666137328498,0.813871513351669
IDA only,IDX,2.39221721779017,2.58076466977392,2.71339845836562,2.63316069314933,2.58301285749477,2.55768255711686,2.49648138966611,2.45021805245126,2.40981023735852,2.34854445880951,2.31855032023925,2.39970723041037,2.39326866020737,2.31025487425802,2.30751084679531,2.3479815454091,2.31685890390074,2.25846394989286,2.23538374433205,2.22682654798599,2.23711970600309,2.21097056287362,2.05074098901576,2.09800637649937,2.12697725862797,2.20971743476633,2.247065147234,2.27154640531689,2.31709176294693,2.3171136555466,2.25619435678086,2.19662188245943,2.22119871435399,2.22399091231546
Isle of Man,IMN,1.2860244711094,0.777681019315905,0.593801567634365,0.557983693730622,0.483597216679532,0.743943247223677,1.1893404357479,1.29728602762707,1.24992377427321,1.15522158904352,1.07405640261461,1.03935218980227,0.996634656137498,0.947463428784622,0.914679040487355,0.973663908803054,1.05674263402304,1.08105185778631,1.10325545585427,1.1198352163156,0.605035871432298,-0.0557146004442705,-0.230299966457986,-0.296370572754953,-0.35704727903332,-0.152042122202678,0.171180649312203,0.234150178061123,0.181209143421298,0.12736504896945,0.0499494569462143,0.0309085940239317,0.0392163858214135,-0.00594088816452728
India,IND,2.16777668657973,2.12998519274824,2.09986069412181,2.04435418122792,2.01296632914892,1.99775909414655,1.966425183613,1.93596384442712,1.90202919152067,1.87939826197393,1.87060822112685,1.81129424097937,1.73438204419235,1.7035704679088,1.63142146860079,1.56412522526913,1.50599144392136,1.43877181746736,1.44601731955273,1.45460361883041,1.41682761544376,1.37405616603306,1.33270430507476,1.26129027125347,1.19285563384335,1.19162966402099,1.1623961434697,1.09729906702925,1.04001395098104,0.973438646910149,0.822648220128724,0.790200540609834,0.883289539766135,0.890706546985984
Not classified,INX,,,,,,,,,,,,,,,,,,,,,,,,,,,,,,,,,,
Ireland,IRL,0.574927781205802,0.6822567779864,0.499840487112985,0.394187638653739,0.512695055318523,0.791271346994459,1.00281473521859,1.04307683611147,1.12729955649471,1.33304266586712,1.59215149039299,1.68514885730282,1.62895096193019,1.82831381790901,2.17870301355631,2.69600564359576,2.89096000464164,2.03870801117202,1.01566327592341,0.544884384079014,0.436072439258428,0.4237438032978,0.526556158855653,0.731001376585771,0.944845307474728,1.28405485082411,1.34979886553997,1.45141079540844,1.58865409604595,1.26378913010119,1.39579966615221,1.98101664069715,1.87573900211149,1.57375843711631
"Iran, Islamic Rep.",IRN,2.71517805230603,1.9775061761777,0.356575347965537,0.190450849489937,1.10724517815505,1.08043248596744,1.19876929995268,1.37365526787202,1.4243001822483,1.47619563346635,1.54382818918331,0.82578098646242,1.10838882782602,2.13922055681238,2.21304950909032,2.15444092874448,1.63508865342221,1.214476845232,1.24185106066412,1.25167392158024,1.2358675452331,1.25130743376216,1.30690505728311,1.343129076071,1.36159478810594,1.43348558597155,1.43870442098455,1.27524656861717,1.07831720901251,0.768757498195729,0.831029236943935,1.20100285857304,1.20408185634218,1.05286922170537
Iraq,IRQ,1.05265532486063,2.95901898094252,4.80252830355296,4.77257876446699,3.34971793938993,3.19188913877724,3.09229881638508,3.14180487468003,3.23378577144745,3.27752785249419,3.1189728301308,3.15904988797352,3.01523235753789,2.85128305805808,2.96374347121646,0.733263441372763,-0.789042539847969,2.02029989529593,3.6839129631095,3.23138521802744,3.53181678520421,4.53892168180122,4.7215668344982,3.53101933211143,2.72710976935126,2.39151227352058,2.23055046409754,2.33235769663486,2.27501115691232,2.21938669515023,2.24127347113109,2.29369659225826,2.25148890849618,2.12476784890538
Iceland,ISL,1.15914942010018,1.25663207739645,1.01681192843817,0.866835946606811,0.542467997811547,0.539913016609299,0.819197091458816,1.07085904319717,1.20923878595741,1.36919283329812,1.32929525456819,0.892596377462957,0.692497620476186,0.8779361576874,1.58289197780465,2.34742243028387,2.53008548940662,1.85957217059918,0.341241978970882,-0.143903000294037,0.305468368224399,0.532100734916982,0.945885900369151,1.11250475522796,1.04194038662969,1.38808149583838,2.34558267643862,2.67814276922904,2.19893225826166,1.6230862512591,1.6393166402584,2.51377343254216,0.953546915490719,0.218346070592545
Israel,ISR,6.01700878321945,3.45546689873163,2.6580917791605,2.58926284874797,2.66828695661805,2.61650594252757,2.49839504329334,2.28687869043162,2.54643388659354,2.64233191305756,2.35711729946802,2.01405839404727,1.80551975888109,1.76762364154994,1.76289766113006,1.76780587358185,1.7761008691798,1.7765791059698,2.39020733801215,1.82675240987847,1.84807786159597,1.84615132126711,1.86605289478673,1.91954379859591,1.98128897562083,1.9603489624817,1.93872567441099,1.92662286520241,1.90898263957994,1.76367939210866,1.68190551747412,1.96636884788361,3.00437405991345,1.26518834033156
Italy,ITA,0.0692311889532843,0.0679244330808808,0.061135853002924,0.0203720739457194,0.00158856230917393,0.0281044080072756,0.05290695026061,0.0287740158774372,0.0168208444553697,0.045303631138613,0.0612241572425483,0.197854295667482,0.540420007681938,0.744609563112575,0.583653375692943,0.400079310970985,0.608396959196212,0.771291301351719,0.579748620940622,0.442226157086815,0.346167211080488,0.273513088134657,0.199772918304074,0.0150772197985246,-0.151143561276007,-0.190090486385849,-0.188100912559894,0.243703643127712,-0.700011055973408,-0.487095091717782,-0.515599998844444,-0.20230086688254,-0.0499178457490556,-0.0534387378437725
Jamaica,JAM,0.878194947525997,0.987746266754911,1.03455204361498,1.0275542704578,1.00218490909892,0.96772367916816,0.922071445759518,0.855408859585008,0.777555210444778,0.693820204754118,0.633651755909455,0.614211874970001,0.606020700548159,0.585569135450925,0.553843332498697,0.516033523535749,0.473963945332093,0.435156176173166,0.415917474774269,0.421944554103184,0.432960044008846,0.431454273219438,0.405211603822983,0.360811344710918,0.313958647771979,0.263022586225724,0.207939418780596,0.153765355594745,0.112486030848061,0.264166647844328,0.244971341124232,0.0515076570013975,0.0226098931571573,-0.0215180207209529
Jordan,JOR,7.78524286596351,5.28652677916716,5.20019138057655,4.79103402702833,4.09548745418131,3.32004503110433,2.68660948168777,2.3114138594789,2.14859183776887,2.07260479051429,2.0568547225817,2.10844376833598,2.21462077394044,2.41295841696554,2.47713068142819,6.38870724302854,6.03529982681035,2.35427976058258,2.14968786053504,2.15109331746781,2.48202772730679,1.41635205030682,5.19641467868427,9.53920898641561,8.21798329205466,4.72325254401232,2.25160030043779,2.20412998393259,1.98343822476301,1.79543228239066,1.83419162693059,1.70151702842564,1.61225050235636,0.988722042141178
Japan,JPN,0.392819832481862,0.371192387198527,0.32416759914373,0.279192363973672,0.234590173412918,0.226884732460898,0.238271217591483,0.271729610231193,0.182586374140107,0.167275578113187,0.240952587521069,0.232527187105684,0.213980948779682,0.0336622582725446,0.00939209655766336,0.0633735894181335,0.114908847726211,0.0484253945978966,-0.0124946312294096,0.0179605415195644,-0.185226486410846,-0.159710675844347,-0.144271883387076,-0.132694222147042,-0.106124993746747,-0.0511374152133631,-0.081874296046114,-0.126880068088791,-0.140464977878172,-0.294194617750067,-0.459952415807642,-0.443851919148528,-0.487370782049143,-0.435651699326323
Kazakhstan,KAZ,0.72342110581087,0.312182211847612,-0.335989057351318,-1.34458733859617,-1.85492469940638,-1.89774390163026,-2.29698510244531,-2.49588892763766,-1.23402481599988,0.292205742065896,0.479119436795366,0.519509431468551,0.577653086141081,0.650552959098631,0.74145148778579,0.845600611531775,0.948669591386937,1.03606576058941,1.17001171080735,1.29700375015965,1.35207363651395,1.39710899026626,1.4364978420859,1.46885610538904,1.49239879824091,1.53335297365685,1.5579235201186,1.49423322942686,1.45157995956237,1.4089156380377,1.33325722721198,1.46316879039749,1.46415151694869,1.28276364646616
Kenya,KEN,3.23997624716531,3.06483168454324,2.96883713169678,2.903399231403,2.83906557159965,2.75278021555245,2.73276496655617,2.75957646009425,2.88430050146184,3.01293994477925,3.13629206541925,3.14626442047843,3.08528898836117,3.10482476419105,3.07223123352542,3.04704867411558,3.02220921188685,3.02964938264436,3.0211086032266,2.90158845467743,2.75013743696978,2.6080744180495,2.47210752389349,2.33901192230694,2.2270329432256,2.20775684612709,2.17412854990493,2.03083744189606,1.96381549826771,1.96197633664853,1.90040858948898,1.92297608206469,1.98296028478422,1.95751431565234
Kyrgyz Republic,KGZ,1.63524960358477,1.15305440513392,0.0304909881785774,-0.0378217259319961,1.00017108296949,1.47972661930702,1.45812831070495,1.53390553506084,1.48621223857268,1.18989565060204,0.949086383559028,0.9185254624642,1.0485234010087,1.2102014656817,1.1283845920008,1.07375909231552,0.953819648780638,0.951050106115373,1.32447839254888,1.4261662918386,1.44419717615299,1.88401276584283,2.18875701963339,2.20325649556304,2.24669257424341,2.21536456642779,2.10483082494568,2.15497985981547,2.24236415055009,2.04838545399769,1.83581016918265,1.7936545985598,1.76957037310792,1.70540730430368
Cambodia,KHM,4.14488021704792,5.39668671425508,6.01872150772546,6.97860299679541,8.09818955055196,7.52306354037061,6.883669247052,4.12422750057528,1.70665891380385,1.59016992993238,1.56166865874357,1.54239258007881,1.5110719151833,1.47375057040259,1.4576145365221,1.47594305468246,1.47554433066197,1.51791486007376,1.57665618141569,1.55621745380597,1.51839242344005,1.49998418675996,1.49510212980529,1.4824372519955,1.46023762985186,1.45860767566845,1.38176596089867,1.24368277407927,1.26258301009769,1.47062988552696,1.47677836241244,1.33088813106016,1.28320677599476,1.22593986324555
Kiribati,KIR,1.99977567861685,1.65449724886793,1.53375279442251,1.4855934105912,1.5044778514244,1.69542133889923,1.82771772474094,1.77856800157891,1.70043973834358,1.69232269333491,1.92464085158861,2.11290506977471,2.05007206544672,2.00784628062857,2.00913413829946,2.00156137723437,2.02990862877029,2.08839816441385,2.1311838506713,2.07935139998903,1.77163616343889,1.46864224692138,1.37450090282755,1.29865154429976,1.28285862528713,1.41358025249878,1.50534982546091,1.49285448135933,1.4934933399344,1.74230469268591,1.79039347594032,1.61644031663411,1.56733842415292,1.48889841912877
St. Kitts and Nevis,KNA,-0.183191040214603,0.880693467540221,1.28605796589797,1.28648573786985,1.30795424814889,1.29339971902145,1.27688427411293,1.30397839701118,1.36121019596059,1.44021899747842,1.12737297055115,0.564388462760083,0.338409798424049,0.30057001145304,0.263067255385927,0.283852845256594,0.293755236701893,0.275815058165901,0.172798199816465,-0.149314248854052,0.0853497256607942,0.313035956599999,0.0765127239724214,0.0424817865731795,-0.00424736663332803,-0.0254879889232652,-0.0531208511827516,-0.0893066039921832,-0.119199673543347,-0.174799132141861,-0.228551998925832,-0.11554263524381,0.104849849656036,0.181622041143753
"Korea, Rep.",KOR,0.989785981821526,1.03916135557339,1.01582143742509,1.00615724501748,1.00620085457685,0.952779421852704,0.937713808920155,0.72186501759031,0.710794593061376,0.836180864297766,0.767241774760276,0.577957276814842,0.518321452985646,0.396331436697806,0.211997784117548,0.525199940498775,0.505234032920336,0.759316681850927,0.514682827535803,0.49822508440111,0.768971758582589,0.525713660600414,0.455218622164662,0.628149861433639,0.527288497407793,0.396851823381145,0.280968018301691,0.433519027613049,0.347874968577526,0.137869266247028,-0.128757315474928,-0.187486566698935,0.077477253324535,0.0743178674548815
Kuwait,KWT,-22.0517787474627,19.0478598691413,2.24918707357862,-0.466955560472215,1.02527173759103,2.85696115718215,3.26567730356611,3.11805181601371,2.97687893931174,2.83716577319158,2.69581257247854,2.54939023844888,2.39381864306604,2.22351628059893,3.61741976368303,5.56242109286012,5.87754467695609,5.5655156760957,5.29095352887972,5.15506049102987,6.23757792955185,6.31732211154715,4.98967404324728,4.40657207759868,4.49910219971801,4.32594906785888,3.69493434034851,3.9801548230671,2.71071332448015,-0.951064116715736,-0.899478872255975,5.11318110910574,5.58813678140227,0.899286654502241
Latin America & Caribbean (excluding high income),LAC,1.83562122140898,1.78927838030811,1.74834691208993,1.70110141891164,1.66907392032761,1.62844370050707,1.59149282397824,1.57040035216002,1.53296024423484,1.46440925518966,1.39627697390336,1.34057200526425,1.29023904822801,1.2484069870278,1.21668454092739,1.18805177263316,1.16988304441677,1.153093400367,1.12730241497055,1.09312877985907,1.07898135034785,1.06846032597578,1.04511228301447,1.02100362861314,0.987219044357877,0.968867581997998,0.986579805618004,1.01871134516066,0.981674474785563,0.830265805089342,0.65393428465421,0.644881793607611,0.721497404498383,0.721104692801389
Lao PDR,LAO,2.81628243868286,2.769076698737,2.71337335048279,2.61561863671144,2.46841937666729,2.33129326891339,2.08550886313317,1.85106124399662,1.74747223421126,1.67898547843134,1.64839890567014,1.60628714871708,1.53964095162728,1.45793744820894,1.50884118892528,1.58338798520366,1.54812352499039,1.5195940495706,1.49588633029834,1.47192872108695,1.44814949802327,1.42735442034268,1.40755477426746,1.37876842701215,1.45836474920589,1.56317561333482,1.57029722559747,1.55377801997365,1.52576304616693,1.49338675171473,1.44141640887407,1.40971670105791,1.39237667233214,1.35832703035837
Lebanon,LBN,2.03024916398365,2.1159367104979,1.93652525509607,1.79377053397478,1.8072128760113,1.85224110517078,1.80828501715332,1.75827835901774,1.75422008711836,1.72552456653499,1.66252495800846,1.38937527602441,1.37957282493925,1.6169716035759,1.54954660675644,1.69887292002787,1.93814380795793,1.66309647863534,1.34979711881761,0.976748358836896,1.07982379188685,2.70487296695382,9.25490649315042,9.99230472656041,1.95769583624838,-2.33543749400836,-2.61057116476665,-2.89884297122412,-3.21837128976045,-1.60386258157574,0.275364167930295,0.460053063032864,0.503630953855672,0.560805065461567
Liberia,LBR,-12.7991272233588,5.75704272691874,3.91124005265588,-0.241483731724842,0.890656464561814,2.86865985716056,7.78387115678537,10.1258685289522,5.52089565583152,3.70256844774732,2.9352375714594,2.60055374367034,0.79655231018503,1.19050087276777,4.46419976403406,5.58972152870902,4.98055607463838,4.05801806274783,3.14360024630264,2.89605811562763,3.92046987945605,3.53448694358844,2.19827693086756,2.08217532534285,2.06297096669961,2.04312155500225,1.94324776688719,1.95645231379837,1.98225492944197,2.07483340649162,2.11098738475006,2.14388170425267,2.20390696065654,2.15725346515291
Libya,LBY,2.20620699142416,2.08945197161358,1.97785331609755,1.8627694303479,1.74343085926812,1.628256686488,1.53695333635977,1.49071733534102,1.49314341029578,1.65322614160708,1.84188849101584,1.92033997804202,1.99485254520156,2.06583711688529,2.10615511958762,2.05113885258773,2.05506946829407,2.12409959672873,2.08315407578494,2.0390577056462,-2.4085814162192,-2.61743182302169,2.00744391901146,1.92631083217923,1.61383897825773,1.52399514586306,1.59519992425695,1.62332708641058,1.47795950725002,1.3484498033463,1.26619979488109,1.23450447871795,1.12674309223491,1.02629935747641
St. Lucia,LCA,1.19910441469639,1.49182703899205,1.47824786663391,1.4944203866875,1.57637794278676,1.49210520637537,1.40792081597188,1.37221189361173,1.30068408511276,1.21402743138722,1.01677824289198,0.872385751343311,0.822512392357976,0.771973333919315,0.734635032623395,0.716076160693592,0.669266875500453,0.623950967419395,0.626557735548289,0.608614599646534,0.52231324992803,0.456462690189925,0.452081381366467,0.442581735190879,0.439488105791393,0.422763651310013,0.395468542730377,0.382048183874964,0.3631466895222,0.330981923965865,0.152478363043745,0.144975018605125,0.281512532799571,0.255689791113258
Latin America & Caribbean,LCN,1.83601899961711,1.79097496527458,1.75177581014517,1.70522385521495,1.67196379844778,1.63335621816878,1.59420902796018,1.56793436913209,1.52867801479713,1.46006685805087,1.39344754428174,1.3403661266636,1.29176714534971,1.24984742276736,1.20794507553631,1.18747578896755,1.1668590192572,1.14822432076253,1.12072669778912,1.08873794675901,1.07195360202791,1.06044511810002,1.03769835188998,1.01123102385884,0.977351890931845,0.943927000851983,0.904629116537115,0.847126273562878,0.812117996469208,0.705164688855901,0.577399780950531,0.594629197549039,0.687927067588655,0.692510865952894
Least developed countries: UN classification,LDC,2.45223929663503,2.65132789811194,2.80976094565534,2.72507868496254,2.65980052342572,2.62655635425922,2.5692561744874,2.54748202515519,2.49676956935624,2.40585722720125,2.38347870644844,2.48920393648758,2.49178291301708,2.39905666507213,2.3977389058405,2.40125296728527,2.31956060402536,2.32409932975264,2.35113798487131,2.32542713270737,2.34979846737905,2.36980488689114,2.37864901890801,2.36910386976451,2.33605397310773,2.35201665484351,2.36457362603574,2.36207067539542,2.38191321433326,2.39290685689897,2.32945622793798,2.26507402979903,2.28632007344676,2.29533120586973
Low income,LIC,2.2557994189822,2.70536193949557,3.08256581393085,2.82567606565215,2.76235704369788,2.86201006796474,2.75586523979662,2.75291899143563,2.77661941612138,2.61940968797895,2.63076596647826,2.90537480933618,2.94963239449119,2.82418651313884,2.86000670547055,2.98177064489748,2.93461632168284,2.85267557465125,2.84549281696616,2.81881699524429,2.78794813642983,2.67948098209702,2.48940373377116,2.41799905107161,2.45405293007536,2.59571875281146,2.70502049801392,2.80205004159983,2.87761064620328,2.83335690522133,2.71561996822971,2.63897305397749,2.71738592668977,2.73201508449442
Liechtenstein,LIE,1.61174133104902,1.42092267625387,1.54735487321845,1.25829365403492,0.999257245237642,0.831598896867056,0.639205581201736,1.38634970785053,1.73117065812303,1.30732907481793,1.66774320599301,1.49506432654852,1.13615788435917,1.07405521315503,0.884398828059777,0.81387467447858,0.640125089403045,0.596594686745767,0.755462414857941,0.780339504026041,0.801840223929879,0.945614084833038,0.888098068342956,0.711286542304829,0.658266806602704,0.590348742843119,0.650125178937136,0.745332024798021,0.825428790511035,0.872668968896405,0.719750043098349,0.790598334689517,0.889858277389592,1.50446197178693
Sri Lanka,LKA,0.748734482407864,1.58927250831319,1.69784789442256,1.45683441097245,1.65501088509534,1.92257845082404,1.89854362715713,1.88802201260991,1.85791802193191,1.82192893868799,1.58029006941291,1.04243651089033,0.733298046863635,0.679757715006083,0.639733163202014,0.669909171598541,0.686177993870037,0.665501489405385,0.614014271918797,0.589181271319281,0.620507027958285,0.760628047767682,-2.79968273298027,0.933207942647201,0.91981102654886,1.13327749793807,1.14388758411593,1.0064319813899,0.611875945764341,0.530626559530355,1.07544995696428,0.112772639779474,-0.651320770103285,-0.550589519145017
Lower middle income,LMC,2.35257306655044,2.28157112431907,2.25264557477588,2.20983164661605,2.17950949903356,2.14761900518557,2.11752116266966,2.09468198741815,2.04785821147089,2.02184470625096,1.997936029208,1.92085563234054,1.86607026207232,1.84989393783604,1.79770264684339,1.77590227600792,1.78167048364659,1.73951618323551,1.72042650863612,1.71918462378512,1.69326744956687,1.65505359391353,1.60678424905701,1.60087530645053,1.5287874312566,1.49254953341804,1.46225069221547,1.41659316723908,1.37716602197508,1.34923040716142,1.26684336472418,1.22704995618962,1.26180367499949,1.25676756013785
Low & middle income,LMY,1.91344711995566,1.857004709459,1.82077980512764,1.76272428695527,1.73014459774345,1.71238482558525,1.68126745233052,1.65109099921661,1.60403618078303,1.56284651687511,1.53157111195692,1.48980632595373,1.4584566947946,1.44652072859845,1.42627511457096,1.41033201540365,1.37957727760743,1.38089127548918,1.38139180222223,1.37561424789051,1.37651008477082,1.39200394574666,1.36118385466997,1.33552637862818,1.28780249349288,1.2692396791293,1.26926807979771,1.23434835109706,1.1907464780697,1.12047507698215,1.01496193581433,0.930421993883396,0.941953847702375,0.989514171477215
Lesotho,LSO,1.78987959126126,1.6630030854951,1.510942325487,1.35340882923336,1.22348105728494,1.06941770060456,0.793429718638376,0.497670599964471,0.259167017289072,0.0338894483530851,-0.152817947191406,-0.30904544946415,-0.483449852068026,-0.704216157980622,-0.920090941162442,-0.411119833657806,0.420949997112671,0.677229463442686,0.726654299508152,0.772821659424366,0.885634151913232,1.00510607755205,1.08291299578498,1.14032275206417,1.17199706979444,1.21894302061673,1.24492806980041,1.22069019410404,1.17469837087993,1.18432063043163,1.14804266920884,1.08048016923391,1.10328678263994,1.11644894351979
Late-demographic dividend,LTE,1.26875482613311,1.19967995118608,1.11443457817206,1.07374050972198,1.03214926151676,0.996330361293588,0.971374462035269,0.932791246149365,0.864803938731209,0.783673440817429,0.732255751370705,0.6777266868722,0.651137860047248,0.63425996624558,0.626338127805087,0.63787907147996,0.648669347305594,0.651284273294638,0.618438046314754,0.562341466763332,0.624147032049035,0.733601388040507,0.707463799619311,0.721745429086577,0.667279758288381,0.650110367167023,0.659615208820901,0.546388195643394,0.455107616529725,0.31456700671022,0.171481787027968,0.158140021760577,0.10740157055669,0.100178205274353
Lithuania,LTU,0.170116869352429,-0.108586324904251,-0.474107542700159,-0.694003962919015,-0.769728017770742,-0.760343408174495,-0.737830358066631,-0.724436206600195,-0.709489234071613,-0.703385440488978,-0.824008723044179,-0.802765710748508,-0.812278097406687,-1.12299127483243,-1.62840112593427,-1.59637831830094,-1.187947957259,-1.02848317546539,-1.11034575437238,-2.09694341985475,-2.25846389882827,-1.2954927649989,-0.937390957711289,-0.813668566231451,-0.89406825888146,-1.16730651563847,-1.21281970207312,-0.82796893028899,-0.288120400605037,-0.0256161303326233,-0.070798680741267,0.824789131191284,1.40084461829591,0.579633464785161
Luxembourg,LUX,1.33968316953886,1.32834757125223,1.34238702924688,1.36184013740089,1.40474246355929,1.36114394109864,1.25350248369427,1.24387080269218,1.35062128530242,1.34408299573143,1.19045634528707,1.04766081596443,1.21520087964639,1.42133256471314,1.53005466340868,1.59505191774492,1.54438684650549,1.78749663225793,1.85177523043645,1.8254058035237,2.22266050326725,2.40154189982875,2.31117625275217,2.35697870484045,2.35995118136865,2.15531198799205,2.43097641776115,1.92883751398765,1.9628449198635,1.66635867423273,1.51834936706612,2.01666790212729,2.02002574712319,1.57538901671221
Latvia,LVA,-0.473114694040671,-1.37679506583504,-1.97193209570356,-1.67382870075107,-1.42581081215727,-1.12637509582344,-0.996762288757542,-0.942918937122207,-0.813961203872195,-0.963935407092365,-1.29148694354873,-1.1618382239436,-0.966400801237561,-1.09131295557421,-1.08057145691172,-0.91727295748817,-0.816175506582982,-1.0509395443743,-1.65102496759116,-2.08130508988111,-1.82076700208005,-1.24035915329271,-1.07103480329077,-0.941743354234222,-0.818626340945853,-0.913885332226604,-0.886215573292392,-0.779138396192231,-0.695239140136066,-0.701211570733301,-0.843294678005026,-0.271369577775699,0.22997050070229,-0.93796839712162
"Macao SAR, China",MAC,4.86550957997506,5.3296121741518,3.47100680921818,3.2789822822991,3.10160080876396,1.40710715606357,0.528593253851375,1.19105743423909,1.20043809451493,0.74592420452155,0.763450787404228,1.03176428295007,1.17915198424063,2.47146053547528,4.05140517951681,5.22537622408586,4.31524098841543,3.73065116368133,-1.05978494919527,0.373134761285818,2.31926463992749,3.27546059752472,4.13923548132925,4.91199595786127,3.3531529872349,1.48219480492074,-0.630334933532746,1.60639880582531,1.96865626033754,1.9744268917359,-0.424008238139362,-0.764822083825685,0.221222713921319,1.20077588622782
St. Martin (French part),MAF,2.02027073175195,0.970965282762913,0.688795280176105,0.446376071270989,0.193604326560294,-0.0916605906688667,-0.408399982270362,-0.739349594205661,0.606259670624174,2.40227476547467,2.65480483944633,2.56716070268805,2.47203950414339,2.36719103264538,2.25646319439153,2.12879470457641,1.94019944267035,1.7421017059346,1.50154629037256,0.965137402578689,0.57626131737988,0.556864711599445,0.38289088882727,0.082811315154676,-0.216522625657602,-0.520499136043373,-0.913371749973348,-2.26505586002549,-4.96694243141292,-7.51568506574733,-5.91294053455205,-3.70935422542636,-4.80716831631216,-5.16855018990472
Morocco,MAR,1.72232725594236,1.65347397517767,1.58233207878875,1.49661980506301,1.52142282241445,1.53619606424248,1.5002842238488,1.48926290977857,1.45749048336448,1.40392630100829,1.36697144784375,1.32213816814169,1.27031081599857,1.28219021585352,1.34347301576107,1.35136550551358,1.34058101398506,1.33869604527126,1.33260098178586,1.35274286216317,1.36305168989377,1.3359712863904,1.28781015302784,1.22723874148544,1.17075639938741,1.19450726277516,1.20034336418867,1.1036421008163,1.03022315933698,1.02565486360782,1.00691847923959,1.00863622672701,1.02195181223548,0.972827595296714
Monaco,MCO,0.875659466022369,0.851871454058648,0.802932259811704,0.76466914483534,0.743049271679595,0.71872452628236,0.707358191973761,0.63423187882689,0.442198101388181,0.138749733197593,-0.0246525532048751,-0.077078423400188,-0.148157320761246,-0.207170649691514,-0.300696167174622,-0.476139508779456,-0.688643282374539,-0.00314104879645484,1.64489690019902,2.4388102675618,2.33362301181285,2.22856128605207,2.09819835631417,1.90295648042493,1.7260495743784,1.40210042123736,1.07266818197735,1.2554231770143,-0.118012680389237,-0.15493904017385,1.24582098923186,1.04315542231896,0.064195567574974,-0.837774113919638
Moldova,MDA,0.122628205285669,-0.0201592243976584,-0.167838142610697,-0.310329995862598,-0.457606401290052,-0.200220624729015,-0.369835352113778,-0.0403975726076274,-0.157010551960425,-0.203371722054682,-0.223625637302563,-0.231580062051396,-0.281602495320467,-0.247447154059097,-0.243318711825946,-0.277922768195992,-0.231718324871942,-0.190349156188775,-0.12626339171085,-0.0998329740168972,-0.0578362648793712,-0.0131095435392298,-0.0267837694756349,-0.0609720602101012,-0.767049559673864,-1.16302237797705,-1.72705846625605,-1.75700442074845,-1.60031653578231,-1.09803165876287,-1.50342952349937,-2.62110760462091,-2.84274212689094,-2.28306147072637
Madagascar,MDG,2.98892403647048,3.00913797217694,3.0502535632257,3.10719838973684,3.16254820979997,3.2173927391356,3.25505471239561,3.27159813295267,3.24667519014568,3.17297260783499,3.0798984770565,2.9899935045994,2.93067077025108,2.91610861061954,2.92926937068758,2.93769107946479,2.93494950819065,2.93532927308935,2.93604117284744,2.90919662127516,2.83965714379658,2.76626312576328,2.71964840033078,2.68077948175383,2.63948434650119,2.61335935661539,2.60345495087599,2.60334538024635,2.60136633480103,2.56778870397591,2.51537360931706,2.48207836172625,2.46201530433165,2.43524760129506
Maldives,MDV,3.08414944112238,2.86660285823986,2.62350414564248,2.39588951749495,2.29658684319165,2.19586623197496,2.02250438967603,1.85635292041612,1.70471377146204,1.64706787778788,1.66955947887464,1.67678289699847,1.65789955318333,1.64645534671167,1.65046635945583,2.39322700867029,3.33024681100438,3.53961652894355,3.53754131988817,3.53092174013543,3.50821445523557,3.45705386277423,3.36852336235274,3.33008930667728,3.45425190846638,3.47818441091268,3.3230837355609,3.18090435033978,3.04593554452725,2.90711274683574,2.75700187362712,1.528878337276,0.359585188904548,0.342572358181693
"Middle East, North Africa, Afghanistan & Pakistan",MEA,2.82261520382253,2.89875228865365,2.74697677178844,2.59508681542991,2.50309144730097,2.45065839826019,2.41680972726462,2.39754689339305,2.38289528338475,2.3347747299164,2.3226065915412,2.28665463525445,2.31684628806507,2.37522274378347,2.38776706083866,2.43119729065982,2.40039628658577,2.37925034021145,2.36874901161237,2.05352451276423,2.25112798697392,2.20070345227413,2.14896762786684,1.96605692734935,1.96615656404757,1.8256339602922,1.66412778344544,1.58355413714312,1.67709090803779,1.8265650487491,1.46633720086535,1.9060709844483,1.95583616128018,1.90510804908184
Mexico,MEX,1.92579327419213,1.89386319441602,1.8526849091274,1.81495080594105,1.78023269604442,1.73503044582092,1.68231791926668,1.63934798033611,1.5989280275378,1.54272528221216,1.48303091731143,1.43770526775457,1.398263627903,1.3653083154997,1.34857895792648,1.35374920696209,1.40789058424163,1.46015632826518,1.4619172053372,1.43974472572946,1.41534883852036,1.35716327923769,1.29730808025224,1.21002702971431,1.06956376155677,0.969124204799117,0.935239396499786,0.9466023549862,0.950144329831411,0.820454117563552,0.66740537533078,0.753116988604166,0.872178517508623,0.860515443690537
Marshall Islands,MHL,2.08218438524189,1.78350893049463,1.50835649253379,1.30585685625334,1.15444404510935,1.04905074757535,0.987420553055034,0.925483489018507,0.970793961160646,0.998938024888359,0.81902470029652,0.588994174565557,0.415276541845766,0.293918803877236,0.221800143004125,0.165547016575545,0.0826708497774886,-0.00960937876105589,-0.0211438842102896,0.0480478181120274,-0.263585880501686,-0.944590187330327,-1.44566670550716,-1.76164273882982,-2.0204346660438,-2.26102535172131,-2.50442852271303,-2.70999222878463,-2.86271396531764,-3.00092865880133,-3.18559640580083,-3.16808578519291,-3.16867227675357,-3.34957664335036
Middle income,MIC,1.89132850520897,1.80184551358988,1.73781221107615,1.69195946008556,1.66065384549955,1.63408272689272,1.60720067371003,1.57425846738896,1.52126851605716,1.48737272491373,1.45213955125786,1.38612295852691,1.34751740442319,1.34243375401732,1.31630103141443,1.28782777315203,1.25629016051393,1.26228216593386,1.26151422933704,1.2555736244468,1.25728136141216,1.28164256374509,1.26319679249784,1.2403757636756,1.18402532386119,1.14959064999457,1.13779637804334,1.0884195044931,1.03090492064914,0.955116865970353,0.84767962914538,0.759184401757075,0.760566614560958,0.808003327636541
North Macedonia,MKD,-0.373572867090514,-1.14815508117598,-1.27095567119672,-0.709488114346886,0.294047115056872,0.699015358344186,-0.782361148312478,0.532116992485007,0.478003427125101,0.455448702114895,0.420168685369998,-0.726260079023056,0.127038105260946,-0.323800435972555,-0.539897211401132,-0.55220427661592,-0.570953120211137,-0.578593804248589,-0.646827222901633,-0.63937448291812,-0.458327097678151,-0.391858319665176,-0.368848270904885,-0.268678976911211,-0.267729528193655,-0.320367473371963,-0.40242158713311,-0.507220756968942,-0.679308688552216,-1.07910572041332,-1.02945804668594,-0.294481335654044,-0.212923714310977,-0.189311904958652
Mali,MLI,1.98540443777679,2.01579765286114,2.08462699306597,2.15247098778735,2.1669139807504,2.15534830365536,2.27253609178861,2.53261369818345,2.78016882660174,2.91308874187569,3.00701165563643,3.10676861781848,3.17894001404545,3.23794608826987,3.27522299158149,3.2804387949943,3.28796078422057,3.2862188900418,3.25780569403424,3.2485140091385,3.23250831038309,2.91998728475051,2.92078257453733,3.16065691731413,3.1289280097663,3.16701291267986,3.18823649379751,3.1254232369578,3.01814494306617,3.01751361469378,3.06035796580474,3.00942592606239,2.97400537620334,2.94115084753028
Malta,MLT,2.69509289211785,1.03164027783494,0.998755132026019,0.93526391926236,0.697143006602962,0.656524533590292,0.756792686540295,0.649936278938043,0.592860773979805,0.645267230900854,0.75110649818537,0.745506921127166,0.657732334391546,0.67162845452858,0.637436918202842,0.364336947162944,0.348755082369901,0.650655460565174,0.753906931031973,0.49118281065151,0.423700885195294,0.899209211902256,1.13206344183411,2.02059558233422,2.44719692467224,2.28889794467689,2.73472979835887,3.53282607673569,4.05171762437788,2.2716254974907,0.51468710034629,2.47100289980875,3.99255876861009,2.87111128593908
Myanmar,MMR,1.43848109338153,1.36750903862328,1.33917937317586,1.32297300734248,1.2997864871869,1.28154909567186,1.27543675227322,1.24820598731574,1.1902615071828,1.11707426022512,1.05489130356671,1.00325836797547,0.93550676889734,0.856837524813252,0.78215232398828,0.728331835978341,0.708807824555326,0.550688224031359,0.555720175554536,0.745099607969388,0.803379211413432,0.841507088171189,0.849578652965248,0.830118073348831,0.800670952631538,0.792792538685626,0.772302033467657,0.72443284342539,0.702425162747352,0.711376906349628,0.696558038955431,0.690074759264932,0.698879396261223,0.674364862610485
"Middle East, North Africa, Afghanistan & Pakistan (excluding high income)",MNA,2.80765987845705,2.75633004446026,2.67990765771846,2.54249201233858,2.44744363887957,2.37707509778706,2.33213920521432,2.31855947114113,2.30498416641179,2.22489913140805,2.18831509937716,2.15669736132177,2.19844605745387,2.26630272401278,2.27258891220395,2.27794552457032,2.18320417992975,2.16627955714303,2.21106514928359,2.16349756712473,2.0994017558068,2.0015474490692,1.90738057430126,1.84422023667311,1.71263501631525,1.63683109950783,1.6781681424931,1.7627509545654,1.78568343276842,1.75398933414753,1.70753659078455,1.69604782645998,1.73896313941003,1.7152640194007
Montenegro,MNE,0.120809885832418,0.232144826993095,0.271440061763539,0.199581093444201,0.0528165715682825,-0.115971437246349,-0.243010697842063,-0.305295583261971,-0.4193256157655,-0.0279740186992493,0.402363248322291,0.400750772330341,0.399151168806326,0.177216475615812,0.147929262061512,0.12429981279666,0.138110347731053,0.177475866720179,0.214529295893828,0.183239906425096,0.147930333573243,0.172818849821581,0.187941422115648,0.185665017136334,0.145306599207243,0.11231965238542,0.100532639617139,0.0728190255904537,0.0502716675485305,-0.0260104378320954,-0.245597310506825,-0.234174139002603,-0.00994290846928265,-0.000641511915285095
Mongolia,MNG,3.12554463819911,0.112989877088484,-0.122780957606697,1.11448441138802,1.61069462565483,1.54144516833781,1.41690699648118,1.38919318660692,1.41026329390347,1.32711144076984,1.22563721499933,1.28530335948394,1.27185524409713,1.12405283429406,1.10986290557005,1.20548331364776,1.34193846720281,1.57679522082476,1.79649232006396,1.74992683110286,1.7265777901103,1.89795214519602,2.06694708057063,2.18707605433318,2.12866951701474,2.02736957640078,1.92577883760149,1.86480192831175,1.8371507310985,1.80542008661223,1.684959051396,1.46704738017187,1.3708886685104,1.24590299529718
Northern Mariana Islands,MNP,2.39596575611076,1.75948451311367,1.69207289433758,1.67889832865758,3.04746150270432,7.071285719985,9.0364482394478,8.04449384289569,7.19979543858211,3.63481386361787,-0.545695941220662,-1.7898698391983,-2.05303771417549,-2.29294440205974,-2.50860397803261,-2.71807103115674,-2.9110170154091,-3.08575533313163,-3.24545043037063,-2.25570725189976,-0.896950274724624,-0.700102071490281,-0.898187033104677,-1.10544695125402,-1.28073347255599,-1.44888981594755,-1.61620481831009,-1.78121757640998,-1.95055872430955,-1.25658949836081,-1.16183177026859,-1.93650806828242,-2.05003835843766,-1.93472893815204
Mozambique,MOZ,1.94778065719176,1.93755044660082,3.16588006726726,6.7597292831862,5.98142746197679,3.2785719951388,2.73622524372659,2.27759580542587,2.24695033794385,2.20366517231952,2.22591756896921,2.24357740312433,2.26412694670583,2.28307737180822,2.31300566720779,2.3486041998682,2.37944111058302,2.46564120587285,2.59095643753164,2.67685903538336,2.78615253564474,2.87101074780924,2.89055494992619,2.89895498583923,2.90106067133475,2.93066434696089,2.98845927899068,2.98089902972538,2.9397415898529,2.96490034295304,2.9577768101764,2.9473431712575,2.95358093047219,2.91994049442347
Mauritania,MRT,2.92123792785109,3.82669577865452,4.04483281809764,3.39678688176153,2.74327836229324,1.97732237962951,2.22749819161846,2.593086654003,2.67329856414459,2.78353822069134,2.46862570579989,2.2112923085405,2.28829406566231,2.34965515386841,2.42430459268211,2.50658248493226,2.60052819123955,2.87480873438379,3.12899450909418,3.19159403639576,3.24512473547367,3.26413503920642,3.135806545909,3.01218949095495,3.00605924056849,2.99795842489143,2.98778789331469,2.97356403059489,2.95347297852629,2.92092559048913,2.88703345850902,2.92956466448208,2.96653079197429,2.88395898961435
Mauritius,MUS,1.07946362530249,1.31574311449685,1.18554061440712,1.40006449419438,0.859933461061684,1.02276454116174,1.25209760994193,1.05142162473208,1.27124855157122,0.982676166064297,0.790047581068153,0.694240135210974,0.723661765578573,0.627103982385528,0.592099659929956,0.466403525955087,0.455526400702738,0.361630847401639,0.265537672832765,0.237886692890185,0.160140420765724,0.277321025514609,0.242165626741126,0.181022097854624,0.132404330287967,0.0687082325715694,0.0901672663767558,0.0545354541381391,0.0322330642925213,0.00229068020969373,0.0252729878913446,-0.301401216835277,-1.1051534726941,-0.2299528038748
Malawi,MWI,3.07784774072047,2.91173826494271,1.45890484790257,-1.16516040362747,-0.145478657197626,1.97165297305688,2.00642058000582,2.16203188036192,2.33453883328598,2.39808527580859,2.41939427546647,2.44868795908692,2.50311318898405,2.58631203946607,2.67801100189358,2.75507030698051,2.82103771276785,2.90426164632368,2.95642545456471,2.94779608735928,2.91504427220952,2.87064589887138,2.83808966369485,2.80479012384928,2.75359183453625,2.72595787740448,2.70808949087835,2.67117568591664,2.65059567621331,2.63573735113183,2.59415828794597,2.567947782963,2.57135708610945,2.57641467045761
Malaysia,MYS,2.8158546560368,2.64753082839941,2.55845902443816,2.54353236939425,2.54130598813685,2.52310298452386,2.48740927032502,2.45609059309708,2.38527879909653,2.34480241175698,2.40351289519482,2.41855547054066,2.36624571909165,2.31172452935085,2.26772984873607,2.22705351047756,2.17350461828888,2.09531674831339,1.99206021194285,1.87040612656176,1.75128008243176,1.70269513202166,1.70946282045073,1.7147407282165,1.73319445645586,1.76731054757933,1.76466064017847,1.70174731907235,1.59646653343981,1.33363323143911,1.15251304394292,1.1977720012836,1.23402869169549,1.22058891015438
North America,NAC,1.32680596162554,1.36649823887321,1.29669476300867,1.21316336153584,1.175185020471,1.1515754395111,1.18305184867505,1.13250002702297,1.11526591247681,1.09487429044742,0.999111327504388,0.943123172764975,0.86329811235113,0.926016512556795,0.924079326653074,0.968958000292518,0.952856906506988,0.959364165339977,0.90301120571731,0.872248322965573,0.810385884625871,0.82654950888601,0.785955296629689,0.816364811510733,0.79398878386799,0.820075680421435,0.743268119320072,0.671925189322868,0.61147351678854,0.477755736563311,0.198231862530836,0.703165039262701,1.04975731366805,1.18928067982524
Namibia,NAM,3.33109552708536,3.17286989481137,3.19048589219443,3.10674150290496,2.90451809453557,2.70517158693344,2.58822548786846,2.54139251078514,2.48639740874389,2.35219877188535,2.08953121470852,1.75728257510242,1.44425237074387,1.27571138513782,1.25364169808749,1.27859222127371,1.3321269140493,1.39984615902945,1.47115601688196,1.54841464345813,1.71587072736176,2.22673258326321,2.60198589808047,2.61288080068243,2.65295870908636,2.69727890929136,2.73527353433315,2.77246337174234,2.79932223646079,2.91019887709682,2.95314556354467,2.77600581415178,2.50947899094054,2.23715227334598
New Caledonia,NCL,2.67395311361723,2.63226109383085,2.5390760953236,2.46188731434976,2.40672436191472,2.29652457440987,2.18342754952717,2.11855225357606,2.07139596197975,2.07015601128576,2.04485779933828,1.96943812043973,1.89464715384192,1.74820694207225,1.45458459025355,1.28719801022213,1.27562580041589,1.22883322130144,1.34033215268725,1.66994351621015,1.8787771558269,1.89163090783472,1.89228098410746,1.57768044469833,0.688885628400534,0.0900120253294113,0.0433886162840042,-0.00176339785610822,0.0229217470195887,0.200781353226217,0.364601116942216,0.66709196832953,0.952185123510063,0.95072208560765
Niger,NER,3.0994180029753,3.11848225510655,3.16076464061933,3.21632398923127,3.3098246971535,3.34376645351566,3.32029101351841,3.38434700775298,3.4405793301062,3.46716382832898,3.50878624306039,3.53148102432579,3.5622769230714,3.59824904350361,3.62970414217364,3.65709371425878,3.68110827846052,3.70203244818704,3.71708044318123,3.72535077368531,3.72138303234104,3.77324639644684,3.75837207594511,3.6892808045974,3.69640590007582,3.67426137513091,3.56007044831691,3.45088050525461,3.36654855482346,3.29977391625444,3.25425239869281,3.25170642220024,3.29489175812772,3.28101480132484
Nigeria,NGA,2.64110316371064,2.62528760714312,2.65014775362862,2.64135723468862,2.63662927453146,2.61429682326517,2.60308705392213,2.61337639810203,2.63592921799734,2.67439784501828,2.7163954653619,2.74147056608815,2.75673506428828,2.77053967849452,2.76883385211034,2.76124698861505,2.77180099910734,2.78453384410814,2.78730820935027,2.795149361277,2.80278519998649,2.77422930277333,2.71468991073627,2.64221399374699,2.53617348598208,2.47183239057048,2.43170936923065,2.31217263003389,2.1944019229433,2.13029714344341,2.09618685225463,2.09281687128387,2.09838916935738,2.08297776184189
Nicaragua,NIC,2.30539160027034,2.26057691432804,2.19526818654442,2.12344956001799,2.03689558542684,1.85738578138211,1.66886011283246,1.52856081444745,1.43050495553198,1.3755333704478,1.28961325996451,1.21286138243943,1.1785630920639,1.18180960798577,1.30369984372022,1.42647684672934,1.43621553103677,1.43313226086457,1.42451653487476,1.41916789623706,1.41223292768918,1.40332726881517,1.3892875213501,1.37171758610881,1.35767667855894,1.34468900607336,1.33184988677682,1.31878207820366,1.29742127419157,1.25084741191992,1.20325375827905,1.28466010240759,1.37167812196347,1.34687135560209
Netherlands,NLD,0.788031035375139,0.756056593396787,0.696991330125143,0.602938474274189,0.49392737251493,0.461395747607711,0.514767002117464,0.616640530679659,0.665493187073143,0.714770362784392,0.754840057734904,0.638291666268526,0.471814398788212,0.347475412048658,0.23366314793854,0.160613668857538,0.217521601194242,0.389292461499527,0.514284544827762,0.512923100553586,0.466428782200821,0.370055034770235,0.294820793441482,0.359828172726548,0.443220089035769,0.532178879608489,0.591203366164118,0.583933408920832,0.65507157480522,0.55554079025497,0.523490508168757,0.953278922854537,0.990139686700227,0.648823280021657
Norway,NOR,0.476503585004921,0.577180268126687,0.5952293301816,0.569388227765026,0.519125519812519,0.506881682762136,0.54221993602931,0.595410343346654,0.684759433412698,0.649044821192665,0.506046910557235,0.539290805050494,0.586532691986894,0.590930939690253,0.681072964187373,0.805392739160981,1.03473451527827,1.24633301535167,1.2611272893768,1.24566617956207,1.297189390693,1.31344098868985,1.20914158930136,1.12773667734928,0.995084736958414,0.880969815359919,0.807673181884948,0.660090844249,0.675061373245644,0.588757324043059,0.534772281874925,0.898395220610608,1.13831142739624,0.949855138372357
Nepal,NPL,2.58817841764484,2.82065681366559,2.73026688257275,2.50525729621082,2.40195786457922,2.20703682810923,2.07834822711058,1.96550365283425,1.86110099800161,1.73127486408485,1.61738284845393,1.52057612057996,1.41042300664335,1.26834840063401,1.11915460082368,0.968206396130087,0.83618340426827,0.749540559520267,0.675732337813135,0.619710468212554,0.447181720951167,0.256079255262795,0.199840751964584,0.298119921280857,0.545118124856758,0.472697719209503,0.199389989212823,0.244000280298262,1.18377302604311,1.92583106605859,1.74002411752275,0.81238557412485,-0.0700958873206174,-0.146800968936231
Nauru,NRU,2.34193119067356,1.72114358921943,0.805053296966897,0.34586723544018,0.275835068004739,0.176921610921852,0.137389619256035,0.00980632508753104,-0.107922502503471,-0.186686372077639,-0.374421562656096,-0.474966260015287,-0.228389950823792,0.00994085193919146,-0.109403760477152,-0.149380100476041,-0.139623040534244,-0.109840741983694,0.0699126120860941,0.269206005345923,0.546151002552194,1.65974838801037,2.40581272210636,2.11682959453762,1.95433948782621,1.77348115445981,1.54848693435255,1.34206654488781,0.953874731639391,0.482136103995375,0.565263581170869,0.782649677702407,0.625107627709329,0.604485091438176
New Zealand,NZL,,1.04173538422176,1.14023110662887,1.32923733494336,1.46436378746179,1.58266192727998,1.31235828649882,0.887279888633483,0.525484536213216,0.587564086381346,0.589286034969052,1.73717486434422,1.97355854434158,1.48621908244575,1.12877350967992,1.21898486028427,0.932407687512324,0.848701402422591,0.999728031208421,1.1117260560215,0.762479795105218,0.548220797298334,0.768347998194806,1.66101200071152,2.0360339086492,2.24603210015584,2.08872272281936,1.79124016759035,1.41225538599445,2.03338779187545,0.240228529431089,-0.0570512394609476,2.3012774309073,1.66869187850147
OECD members,OED,0.962637947205179,0.945948192455025,0.896172263666274,0.837094763378002,0.805342307194175,0.781063701996324,0.771759399416469,0.740037296962581,0.736106220073812,0.713186353783694,0.736132197504569,0.739737687423553,0.727683961257127,0.72028584405618,0.705153004624059,0.726517310724537,0.712694819028126,0.786225083052499,0.723981348565654,0.677505276897995,0.535651294988134,0.620463861117399,0.586652242777088,0.608723123928783,0.618839305259752,0.633792325125237,0.59407935406895,0.617004283166527,0.564229644583923,0.377835338214323,0.180575896167617,0.493072946245184,0.674656635893151,0.644919078002539
Oman,OMN,4.84236583473938,4.57977744514796,4.21470627849959,2.9322860255282,1.84158782920155,1.70189456325344,1.55461970088471,1.43974820927183,1.35945310317145,1.2887385532573,1.22318039389784,1.158650010904,1.13408417793778,1.72066711093441,2.26053863867014,2.21104303950359,2.17823116003406,2.16896017651993,2.18905153725591,2.6751170964985,10.9573181300856,14.2253989455262,7.77538929058871,4.30179726376903,4.45776887230624,4.80473653238819,3.28242998732701,1.32413960038748,-0.144431732263903,-1.50860829621662,-0.489266037731458,4.98013669293962,6.52704988451128,4.49738628465102
Other small states,OSS,2.01087581896192,0.768068189277883,0.516147074171148,0.851399277601467,0.659566950676745,1.0931923958603,1.31534234736945,1.31660230928611,0.125281856948694,0.304071119083061,1.75641709134838,1.73610314500155,1.30772245277832,0.983525086728544,1.04346547541932,1.15277468684613,1.20960326850617,1.22518060464554,1.16169892994006,1.11211730324926,1.01840380102388,1.06209068668662,1.05650163375909,1.08086870918851,1.1255181203762,1.09883402957305,1.15304626269071,1.20956677579268,1.20113624131693,1.0966115325234,0.998084267144432,1.24494821200593,0.964925235955626,0.852252955825721
Pakistan,PAK,3.30645345087216,2.86254207102062,2.7725055318492,2.89269657804833,2.89031173222832,2.9106898704011,2.82827034753681,2.76128567260809,2.7219371038823,2.82475983542412,2.79615830892104,2.45080308981688,2.35391613887513,2.4680911760913,2.40377350441569,2.3820052866049,2.6420312522935,2.67715693120755,2.5412831091032,2.47081701538021,2.23690940334662,1.90619981284679,1.62722414834854,1.50032405388564,1.40250113589189,1.30216393815952,1.41409990353131,1.62371483290292,1.69187124669657,1.80375141301202,1.8867779716011,1.74799739792983,1.54880458608849,1.50959876314033
Panama,PAN,2.12270714752088,2.09377182912446,2.07729579468022,2.06064651920927,2.03974255911592,2.02267329531161,2.01070630711665,1.99702689961855,1.98126957046463,1.96400557919623,1.94640732840296,1.92966620283568,1.91370154774712,1.90499044238143,1.8851653336108,1.85404642513367,1.83391184872287,1.82065403181381,1.80423120361282,1.78385792968885,1.774688616656,1.76451937667994,1.74234111694192,1.73046380036004,1.73037489560864,1.72866876171939,1.71320068899723,1.67311565171591,1.59097727067192,1.37340966978709,1.20723809203153,1.26612423517538,1.30902688797168,1.26624987466078
Peru,PER,2.10803008186069,2.0364508690957,2.01664193906499,1.977894145288,1.93836467845591,1.88065410074516,1.84880202733493,1.81901745317137,1.72719734410339,1.56043059120612,1.3676462262452,1.19300655774598,1.06536414066423,0.980296012446146,0.889996951132914,0.791526842084803,0.725382868960412,0.657968680657885,0.617089075143821,0.652636898148331,0.746934823460309,0.83691693370644,0.901339196033327,0.994129278893009,1.12847381931302,1.33357065112944,1.47336535107465,1.81253577188754,1.71486934751345,1.19250495254373,0.961612354333265,0.959183909355287,1.09975320783678,1.0937871324756
Philippines,PHL,2.40127859344235,2.36968384705809,2.4046342517232,2.1804905774884,2.18824211617999,2.30364180162275,2.35271515939024,2.51478327457395,2.55605721072455,2.37926588939747,2.20604531885261,2.02766985591781,1.98211355051959,1.94326756715565,1.85941217176991,1.68208380821541,1.73463407300361,1.76733466433421,1.801550616238,2.04795425200975,1.96473852483036,1.94226237851608,1.87971579705684,1.64283283802775,1.47875384302116,1.34190709540685,1.28830186666283,1.23686033319068,1.21615534645287,1.1455140860985,0.905660310915421,0.760479216015364,0.810000998681961,0.825602488528657
Palau,PLW,2.29984547885007,2.37330381051841,2.36715728268732,2.4019017204961,2.5027068049112,2.63437427138116,2.53914429756709,2.27133590447933,2.01476421003137,1.45489580126701,0.903198457623669,0.777252658271531,0.796694883502806,0.815628017637243,-0.00504553596313102,-1.14687139535809,-1.49636421036855,-1.52961662609278,-1.59078597207349,-1.68714418256042,-1.74375203014582,-1.74654999032287,-0.66077669618437,0.378927580628865,0.309990384912456,0.151826160128869,0.0842483691607325,0.0112277550221814,-0.0898573575007226,-0.0337173366498603,-0.0505973306648282,-0.135051508906549,-0.180352864081089,-0.180678723422048
Papua New Guinea,PNG,3.16649253096029,3.53853521817667,3.63331181284897,3.62122401820228,3.59664503111954,3.5759668470744,3.56159785450897,3.51626141886498,3.47976948021788,3.44925161413658,3.39779731324978,3.35700333077379,3.32025850994105,3.27757216652727,3.23201129836566,3.18938474785493,3.1455292294859,3.10574391860633,3.06322204516619,3.01998467654888,2.9153928127454,2.7860490568137,2.70166347823205,2.62396103229344,2.54613840522555,2.46804330802257,2.3925157995011,2.32386877655607,2.25754045467385,2.12866309675902,1.98860312209741,1.88244961375761,1.81103162496893,1.78260733820852
Poland,POL,0.354679168347882,0.306681390812185,0.254450913938076,0.211012328819338,0.13572103385363,0.0760741823645528,0.0654553694247315,0.0357533013623718,-0.0083027528251411,-1.04433539837844,-0.0275871247282958,-0.0463189372499392,-0.067492701646486,-0.0585127351273288,-0.043948953332248,-0.0633705742926632,-0.0543050208038707,0.0136373796827091,0.067763227021235,-0.285609121534849,0.0537697088781007,-0.000239076003298365,-0.0603600174744649,-0.0748462292920506,-0.0666411009657168,-0.04298513087435,0.0124800985844923,-0.000200132782838419,-0.0244271070993493,-1.19164026205913,-1.4341408496549,-0.433070695882457,-0.365658526875775,-0.349832361234927
Pre-demographic dividend,PRE,2.48750233752924,2.80035638879804,3.12028414547701,3.316006658201,3.12848658099881,2.66852620449991,2.61874115194892,2.80894056466618,2.86382997947923,2.80153478897719,2.83264279830511,2.98432231022507,3.00003592133816,2.91607231983193,2.94081209755926,2.86177365336787,2.72188103114979,2.87295652078933,2.98790052643859,2.93512437276865,2.95063160509303,2.98073103262682,2.97967615927728,2.91077860350398,2.8152055837107,2.79230800776337,2.78999365524279,2.75861627724359,2.70891780222761,2.67116196637692,2.60305790141094,2.52799513873611,2.53814397128917,2.53910269133085
Puerto Rico (US),PRI,0.707415569453379,0.645450037357204,0.842176258032361,0.928877577460167,0.923749875729803,1.12186266889252,0.929312007272833,0.574788689661522,0.500714523269446,0.276558688867414,0.214145951376015,0.128937305848895,0.0625899064015263,0.0204626359646878,-0.144242360500613,-0.423467205495354,-0.585620757159528,-0.58667739163101,-0.54540189449208,-0.427201373092374,-0.835844626893592,-0.881614530044632,-0.812294181036195,-1.28624679549527,-1.40026759210966,-1.5604116086776,-2.01987082911005,-3.58604464903081,0.364032148393714,-0.640952967813737,-0.576961615031384,-1.31345396519316,-0.508879698773044,-0.0155140706220036
"Korea, Dem. People's Rep.",PRK,1.48801633223606,1.49273900122265,1.47154474015851,1.44208603503307,1.22198132137694,0.993936643105458,0.935020971783511,0.864820763436327,0.79486992536677,0.713737031349431,0.629505065124145,0.538597623627137,0.609594776390389,0.680784098097041,0.581650142448516,0.523597022459874,0.495725212967157,0.478578548402947,0.458128289665172,0.436879111426513,0.44171264179715,0.452614172409074,0.465850679497933,0.479753931920185,0.486366779009783,0.479685660941037,0.463479822191171,0.438418123483477,0.409804313568107,0.378273559953142,0.36747843663433,0.366471008261931,0.338821174570736,0.304699893187806
Portugal,PRT,-0.230481754329704,-0.0777492667122609,0.122316595483017,0.269089467950249,0.346203938301886,0.375996187340096,0.446460604971181,0.505389233382722,0.565630442435222,0.702859953319024,0.705230637323876,0.547667939660689,0.375411414855816,0.239128989611917,0.185532266654625,0.18033244147767,0.196304384487306,0.144191279853498,0.0953308592370666,0.0459100367184907,-0.147084878575482,-0.405421787747567,-0.548815210952228,-0.539190466792077,-0.414141101993213,-0.315459016997883,-0.243889410358812,-0.160104021146769,0.0237334946497115,0.10511412524675,0.626850165433157,0.697256448023043,1.36912985956796,1.09536933248007
Paraguay,PRY,2.65579242385309,2.60163442704891,2.53245316780671,2.4615145741962,2.39512785223415,2.32519254374256,2.25425084909918,2.17892340656023,2.08244088073438,1.93460053752763,1.6877597301062,1.40951477388826,1.22988802352585,1.15243910027232,1.1059635782753,1.04172810758939,0.980401604621513,0.969992282647573,1.0219490065143,1.16985801191993,1.32708039585856,1.40686361602641,1.43842436376869,1.44981205714477,1.46036822105512,1.45104639106418,1.42257756735462,1.38999117307295,1.35488116957369,1.35198907049682,1.21078357917422,1.13476871860664,1.23021616038983,1.23438951533718
West Bank and Gaza,PSE,4.47788760269407,4.47788607336765,4.47788423489973,4.47785249754387,4.47787288220599,4.47787800224899,4.47787204469171,2.55526947769926,2.55526837039158,2.55523569844846,2.5552675698799,2.55528456623402,2.55524755562296,2.55527589181892,2.5552623734323,2.55525867519272,2.55525196026943,2.75135880229092,2.66795074941001,2.59703221798976,2.52518683079236,2.46768715003228,2.40084831983677,2.3440772109436,2.29048005844149,2.24610527580178,1.98868634871278,2.5330114844554,2.51178246264674,2.48654993848325,2.45703865277568,2.42553777623863,2.39326476511584,2.36027908447521
Pacific island small states,PSS,1.44945226409515,1.42545965105308,1.39943591432399,1.33252935546185,1.25802332121135,1.28315263449086,1.4584188758485,1.53408224064431,1.47184006625357,1.37976133820373,1.3048387301221,1.25715749305752,1.20114398382466,1.16796609205945,1.13655756125424,1.11066069971186,1.08624420608688,1.00961415963041,0.964522671636588,1.183838881745,1.36652729130065,1.32791059696534,1.30975260096464,1.309388684516,1.30244106727406,1.29191080769398,1.29137065436152,1.26723585430322,1.0428091638606,1.04048475391698,1.1481035475349,1.15709923057953,1.24129959209673,1.22857783792362
Post-demographic dividend,PST,0.71503330498739,0.697246433316432,0.643085033860218,0.570363319240377,0.534884886479851,0.550879595069052,0.524712979339849,0.494153540136483,0.483856476819839,0.506639541129563,0.484093598871689,0.505167279967622,0.502572879325375,0.518876120315171,0.502564815977713,0.545356150465832,0.594784935011008,0.607735102357025,0.516160510005987,0.474124527896789,0.302401977706299,0.436781344037018,0.389474489390099,0.421858541514507,0.444076527741648,0.461347089514667,0.379583274623515,0.380062376158498,0.316344378025529,0.188955928303597,-0.038028730230042,0.0726915141290977,0.350275071395141,0.627845757449373
French Polynesia,PYF,1.9285201110263,1.81973669430827,1.71521949579713,1.62185522370334,1.53341056008052,1.50626050741578,1.59788710227746,1.63202846612279,1.57792856584233,1.56922864809839,1.55235821897967,1.49553890144445,1.54664965449538,1.58373949574295,1.49587093988006,1.42179044575073,1.21399894849188,0.725858946942358,0.409772633029491,0.406991623911333,0.423008262968887,0.498155436017889,0.600207711920296,0.602054021803628,0.53369255935478,0.471058812613167,0.325069797127642,-0.0971598677616479,-0.279503231980126,0.0626967129843171,0.208586464560115,0.209222276724143,0.263581727538977,0.244792945440769
Qatar,QAT,3.28019147147729,3.20283512184474,3.12076652290476,3.0315206362832,2.93298487226868,2.81689866772079,3.98026081252323,5.31317487167119,5.35902375394354,5.16843199678991,4.98033999658033,4.79240521936012,4.59965670712594,3.77511702353838,6.51693576890975,16.4332567938557,21.700342942038,16.6072361839519,12.0021690542876,0.491609879237911,0.489204894825294,5.83800010216327,10.6721263976401,11.5817147814941,8.58173306173289,5.49972976958708,2.73590293320866,1.3621056096195,2.21962210028933,5.72571544841687,-10.9274424335586,5.90701824957099,-0.0489708509014485,7.32265165181291
Romania,ROU,-0.868693831241648,-0.9034629284532,-0.136109142211483,-0.14537906455364,-0.20231879638046,-0.288129485530899,-0.287897951541563,-0.206980241940766,-0.156978616024445,-0.129440039806255,-1.39542998635748,-1.83065499370162,-0.7212622974018,-0.569786272532879,-0.61753095660306,-0.592402560029107,-1.47722298197717,-1.66638264306554,-0.833088754778975,-0.593959183588628,-0.491866212866043,-0.445177936198383,-0.371323062878035,-0.374575497762261,-0.470052227864654,-0.573660845379617,-0.578007015146885,-0.587493307403584,-0.526814821936341,-0.550759892541776,-0.746036478523061,-0.385412679960785,0.0659152146414443,-0.0485820204761977
Russian Federation,RUS,0.286681805330924,0.0969789790408762,-0.0534820276606834,-0.0342679070319955,-0.0216487632128753,-0.145451546598357,-0.165341653753189,-0.165486143348056,-0.309278191504336,-0.420614990249978,-0.424090524785415,-0.460024258081391,-0.453780668020263,-0.402681471328549,-0.381452794741516,-0.327445270108383,-0.17108203294568,-0.0439492591634852,0.030107060167659,0.0448964884428055,0.118045544446964,0.251575708072649,0.297503474179596,0.299667432459938,0.279352077762368,0.258751057379474,0.191382528772924,0.0721356165400605,0.037947213753429,-0.143202031827637,-0.343724409889771,-0.352843110363082,-0.285217600763343,-0.203423663777625
Rwanda,RWA,2.03545104921753,2.05526782083456,3.80355388592275,-16.1282982694482,-17.9882140556853,16.7499598547072,14.4953754701447,4.12314094141164,0.816180266067736,0.806991709703052,0.886774966312804,1.35537693210796,2.19817405049677,2.6429108159401,2.66009812240039,2.66683575241351,2.66008171576066,2.62837643087324,2.57922030255665,2.52365134392041,2.45262873450153,2.39380128171382,2.40340085493768,2.41721473954366,2.39322566941773,2.36997866838859,2.34556709244995,2.31630729613291,2.28086099658628,2.24244883430144,2.1909353521865,2.19046619232976,2.1984982050137,2.14176839550509
South Asia,SAS,2.12482191400023,2.10476453746125,2.07670147527085,2.02240418352352,1.99663515240926,1.98137773016869,1.95521739172978,1.93054510841714,1.9003911093533,1.87010525668308,1.83909851813667,1.76474012365179,1.68257244504411,1.64264882971034,1.56659200685869,1.49600531261475,1.43510998704335,1.36756382052146,1.36492318210314,1.36549213990938,1.33404162065593,1.30130285791405,1.21325530961961,1.20320813189132,1.1468644959451,1.14742662932202,1.11322183437414,1.0528841436166,1.01724945450809,0.970749727379122,0.84229820909924,0.805672047808918,0.880272546944629,0.886479316682577
Saudi Arabia,SAU,4.7717195983932,4.60467680578702,4.42858817368274,4.27991376620104,4.1420652625708,3.99580388744035,3.85735211036338,3.73624103162125,3.61877543912069,4.45983244526442,5.20103909905512,4.97645227766539,4.77427146298185,4.59154568390222,4.42738945238289,4.28087578648729,4.14945109151013,4.02875655811595,3.91489465968371,-0.992481797243179,4.53867163626294,4.20264227505544,5.41149124124804,2.45043139330282,5.18685551856216,3.74506540506437,0.0747825622238132,-2.5537682578428,-0.439701419074031,4.833138517103,-2.46456261487283,4.41891994509507,4.63821572656175,4.63120232685885
Sudan,SDN,2.0192784229958,2.01195688460037,2.23517636613403,2.52008196636254,2.57914709353572,2.24195302329294,2.22732302778578,2.52287733643727,2.50663940455787,2.49754561643296,2.48541577821616,2.46596917532427,2.25738358789851,2.18560495236388,2.28355924873297,2.30819636827177,2.38350034195252,2.59050308685206,2.77210926299041,2.41578933319134,2.0304098222439,2.14168968629865,2.30951835174238,2.70863780408064,3.04689971719172,3.04008474256183,3.46430091592296,3.48828675547566,2.93537902352139,2.6882512565735,2.6941220236505,2.70189520043666,1.32652175747925,0.808373216038761
Senegal,SEN,2.84196309841074,2.79707003044845,2.75172642740774,2.67683552339622,2.56448010712284,2.44401329997373,2.35950995516652,2.33643949046346,2.37025662196919,2.41009917724256,2.42496943712898,2.44966153599012,2.40684962152091,2.34632515714346,2.33918136359556,2.32792929230269,2.32279384441662,2.3395118470328,2.36561415953051,2.38690195279185,2.52791519909846,2.67702425205872,2.96345954605318,3.16757470346908,3.07014792428801,2.97843134010735,2.88769908740551,2.8004569855314,2.71760793051867,2.63303572524896,2.53848919398481,2.46764281803509,2.38738348832592,2.32058603495657
Singapore,SGP,2.84548286486563,3.00425639462047,2.5298067473268,3.13658693183625,3.03781348481124,4.06431846839031,3.35744219516066,3.39721227677289,0.799148451003927,1.73204223254257,2.69735584326358,0.912639805776796,-1.47453284191939,1.2519166730553,2.35051128857175,3.1293891560754,4.16600286360933,5.32151708302623,3.0159499147579,1.77183287926401,2.08490245606007,2.45339033031018,1.61930809858875,1.29844017799226,1.18637693749822,1.29743609938602,0.0885954699924263,0.469704298714121,1.14428330688929,-0.311904961250833,-4.17033630017526,3.30862052439523,4.85831607781442,1.99449365639324
Solomon Islands,SLB,3.0612649631935,3.01690308400192,2.97458172666175,2.94272259646508,2.91631515355324,2.88873510615365,2.8540188695447,2.80632296765175,2.69069672268738,2.28927444576947,1.94611771082024,1.8849339938907,1.83654662621824,1.79794695108568,1.76867502615455,1.74709011654713,1.72668771876675,1.71153079844048,1.8212048247057,2.82139788482931,3.67971542315203,3.668421041016,3.65262148165308,3.62509398993661,3.58337916462009,3.52842038261052,3.45614796025836,3.35985912747517,2.65049803426017,2.22072148638778,2.40116798691356,2.39378076885188,2.39583243369756,2.37078352276169
Sierra Leone,SLE,1.17112421590504,-1.89960509806835,-0.221926070264204,0.38354307131519,0.145445271515241,0.478159659694952,1.28965414945358,0.984135554562289,0.516798095780814,2.41540405213567,5.90551884410875,5.76970115082171,4.06499006251213,3.38061570413438,2.68947280362006,2.2066693720303,2.19611425557566,2.49702214618885,2.69336857329164,2.72150859888002,2.60978263924562,2.53259491687101,2.45725730456865,2.38905832119365,2.31819402812025,2.35457342669593,2.38578952940087,2.34731039123252,2.32146457882717,2.30847202655897,2.27463021517533,2.22598462352813,2.19524258771884,2.1226891332086
El Salvador,SLV,1.75043889541275,1.63408681572402,1.32228263595871,0.952558466946274,0.836549188274834,0.746151024345767,0.674551204861833,0.61751823622014,0.561593603832819,0.497012728838862,0.414627692393218,0.310690003422966,0.199712545823042,0.101172439142576,0.0151037668199,-0.0542809466140504,0.124956903635591,0.32349566022278,0.314334857085954,0.329632681613896,0.359883978139975,0.390819912101065,0.405850184762601,0.392073398284828,0.335654632494608,0.276539934558171,0.205133928097967,0.100922206462958,0.0403628806830014,0.198362574897496,0.338002420196154,0.39146192798287,0.465531145369394,0.451762522948611
San Marino,SMR,1.36234972179124,1.36891249128106,1.42809596235528,1.42410358895514,1.34052946785269,1.27963831425084,1.24021713683827,1.25182183574034,1.27036547927293,1.27682083101072,1.27546128614055,1.27394921306293,1.27229099015188,5.63499845738975,1.2784145237654,1.15962645690926,3.34586141198724,1.43466268697041,4.33883404775675,0.615052590123215,-1.97304928375177,2.56940400817854,-1.28704227360667,-1.17512311839658,0.738348484872901,0.618202520367254,2.16366806498297,2.03966279076457,0.407603368403658,0.308211037123611,-1.50099888558244,-1.46164026701119,0.310582221115543,0.344944841346899
"Somalia, Fed. Rep.",SOM,-3.87267657909347,-4.78949728181007,2.82782725608436,5.04035864614898,3.60874173050947,3.63215700093217,3.51230611737778,4.14193373307933,4.04491224932546,4.00097862828906,3.98983884745091,3.75080850397474,3.69115278037828,3.68380578936556,3.47204363776718,3.06479248294565,3.11334404047468,2.96295013077131,2.52395215945852,2.48169887268086,0.707617147612372,0.905528519522503,3.22508679396084,3.58614089585868,3.44441462928404,3.8489103342184,3.88144974373944,3.52933303532182,3.67525774477084,3.79592066888979,3.65720037777736,3.0251275475745,3.07939219638342,3.48215481810475
Serbia,SRB,-3.90277142857118,0.11088378609906,0.134902586702462,0.110034513212393,0.072821576920751,-0.079722247154375,-0.310721363571753,-0.406072368732139,-0.361977304916285,-0.319524801286905,-0.171946646904854,-0.0453495280597072,-0.259535430666336,-0.233328451597809,-0.300431132565912,-0.393204593401,-0.405458541825536,-0.425705551624613,-0.400994905201716,-0.402005900874718,-0.756021911874037,-0.485136859373739,-0.48641352023891,-0.486295171509944,-0.511754332722809,-0.523694463062603,-0.532191341024444,-0.546351968633598,-0.536610017822353,-0.666107601320794,-0.943688169512831,-2.5170575672922,-0.621120944154492,-0.555761423984425
Sub-Saharan Africa (excluding high income),SSA,2.54291367282659,2.54347128862216,2.66118908440142,2.57058980113904,2.56684702491857,2.60878945785148,2.56391682543668,2.60758053277641,2.61691205271161,2.61361550472722,2.63547779264762,2.65070938782086,2.66273545310051,2.68675372370088,2.70612891158939,2.71051922619823,2.72395898645877,2.75088284917451,2.75095482005636,2.74695987259406,2.72996711531039,2.72105594587291,2.74394474194483,2.71849791002178,2.69938168879427,2.64790496261761,2.62566106244893,2.64764083970782,2.59769218054589,2.55803335029237,2.5180092722059,2.47025582601609,2.44994313969744,2.4268482433654
South Sudan,SSD,2.06902707902113,1.49949056534963,0.937654698124933,2.29749535929988,3.00404641411754,2.4775331375234,2.80176886344108,1.99359584146431,2.66104262937174,4.41687038815206,4.47577583092792,4.47049405409342,4.53889048481808,4.66850589649025,4.81908754947047,4.96525465188372,5.03930740277703,4.98590020248472,4.71716057220357,5.29254618151503,5.41366403885379,4.44972889782953,3.74120236356755,0.614232824755906,-1.14143555707987,-2.52965683465808,-5.41590990485178,-1.33625896422837,2.92439531185626,2.60487164966918,1.55179411079181,1.42002025455897,4.10816463205266,3.92792442239756
Sub-Saharan Africa,SSF,2.70741591674027,2.69884127134497,2.74189662859336,2.65743059420154,2.64720633049829,2.67552322798334,2.62617746423427,2.65965913886723,2.66674764793134,2.65831046632059,2.67464265484851,2.68989361840303,2.69807319395616,2.71725874978109,2.73198030159647,2.73326949914783,2.74451556542587,2.76531669457357,2.75968154282892,2.75588804167845,2.74094333211085,2.72928770709672,2.7412792516206,2.71479329402014,2.69786163686542,2.65386426029608,2.63563421698701,2.65247559913631,2.60704344275351,2.57341526368873,2.53359221017648,2.48727039207262,2.46538573177545,2.44275570503129
Small states,SST,1.59036847554682,0.852086464146259,0.689838922375873,0.889663782655115,0.78260091253967,1.06170924441906,1.21551650316496,1.22099168662333,0.467922089269322,0.56346741191941,1.45341264754823,1.44008640185084,1.16812684611627,0.944330013631572,0.61392879633674,1.0081446776882,1.05499280838558,1.05553601041805,0.985225774709059,1.00805671545675,0.979641176990648,0.999210240289512,1.00324280772,1.01586382738715,1.03601606918122,1.01453694865616,1.03612470789208,1.15640527639564,1.08792342830391,0.920713681116119,0.891610040984682,1.04213937591557,0.897105994356687,0.806191276603831
Sao Tome and Principe,STP,2.18525084376235,1.90150209053952,1.82310513532768,1.72117364864983,1.6164640326471,1.5206817055962,1.42091094568126,1.3079747242935,1.19425275204243,1.10033924534294,1.62335301537299,2.39433369314868,2.56289213876339,2.49821189998236,2.46392543668319,2.44392306226435,2.42274880138795,2.38327636004872,2.30924305588459,2.1960816383463,2.09396113456698,2.02092788368455,1.93896614465408,1.85635532189371,1.77510214302047,1.6823011731644,1.59795344333085,1.54237554431048,1.51332392108067,1.87691054092554,2.06017354745306,1.93819561963228,1.99754660166419,2.0004655038868
Suriname,SUR,0.6090609107497,0.618785018405407,0.421296747951677,0.718288232960697,1.69749645431176,2.12435847636189,2.08306804632028,2.06286243195902,2.05779708457492,2.06184130338408,2.0592440925481,2.03259733141667,1.96683193341399,1.47189322083765,1.04333354504085,1.0885764053437,1.13996043251437,1.16620762103283,1.17005849053812,1.16234546951658,1.14737217748715,1.1375560373964,1.12880323190541,1.11029432439557,1.08108226631897,1.04842483742266,1.00824404428043,0.972162135207174,1.03794155144619,1.07530477821816,0.907003624018977,0.848956801428746,0.914027369002208,0.877853398525397
Slovak Republic,SVK,0.0774724369780578,0.0324651148981277,0.381719886651125,0.39405443003197,0.29263220653253,0.211674396431709,0.184629991205462,0.13412159848536,0.102053161046239,-0.135376487794425,-0.18301227099618,-0.0363525509687338,-0.0658215070322074,-0.0203617202597358,0.00980913417308711,0.00459711883568263,0.0291784011934372,0.0857552995195914,0.133257321027673,0.0931912731899838,0.128936462723796,0.170183855326072,0.107458009492367,0.0970454215834878,0.0950338786482762,0.128922329956911,0.155178995687406,0.138508159611326,0.135328072840865,0.0857694756149868,-0.212358807611049,-0.284860959688394,-0.0923148510113108,-0.0861108401600769
Slovenia,SVN,0.0634382236559831,-0.14669940294923,-0.23830047754197,-0.115694093241137,0.0215614999899353,-0.0625361337459717,-0.134454343022371,-0.218117656735081,0.0714308445137258,0.29607496005045,0.157498742047657,0.123915442323272,0.0602967792572922,0.0640662022616923,0.173208905073743,0.31911453657107,0.559207815536831,0.158140843634363,0.903875535210913,0.43607948463593,0.207732702329724,0.210024305900448,0.135726228915631,0.0983519219451147,0.075190689011533,0.0731972072415279,0.0651590392490152,0.362584395134764,0.696304046333357,0.669754656164979,0.268851969969908,0.189424378732817,0.396216782960902,0.326705896075754
Sweden,SWE,0.681643117607529,0.586529928761034,0.580838814302139,0.710705461619655,0.524703941553734,0.159147080582875,0.0572622034229794,0.0555121222123307,0.0779271508703018,0.160575484575313,0.268470527954234,0.325438067703728,0.372092942799084,0.393298991357658,0.399942762807279,0.562483906481893,0.741552514625445,0.779033290770134,0.851904412936677,0.852524628765313,0.755150133665177,0.739763272434863,0.847348652246305,0.992219728591882,1.05745468551674,1.25645398510305,1.34744505956262,1.16164515996039,1.01372226345511,0.722703912882934,0.600591532839468,0.68058286829853,0.472717863265105,0.313432129983607
Eswatini,SWZ,4.01723775393439,3.80548239176343,2.91465814625799,-0.0109136023747648,-0.0802412430488199,1.98019605226475,1.68240400828878,1.28492880676892,1.08553641403639,1.02616676195214,0.922357932930459,0.793842610388924,0.682836011828583,0.603686468671865,0.544843998142576,0.500496085577333,0.576423998080883,0.6748941459051,0.6410569310186,0.586161116007687,0.554659161024556,0.537986822820009,0.54369252057836,0.556770676458685,0.57162769864017,0.584038792817515,0.752960394981198,0.922518621738631,0.931970814127083,1.0836305772053,1.15567266949473,1.01620740015869,0.946270731993531,0.995913343966098
Sint Maarten (Dutch part),SXM,6.8348828682187,4.93827304900289,1.44358017700243,-0.34092896979464,-0.455338443145306,-0.549157132022842,-0.615855411464812,-0.674156266717121,-0.694871703790685,-0.660731148699809,-0.152848043546464,0.758684701305817,1.1784296790245,1.15208281910581,1.15143945524835,1.15066788701478,1.11318403688444,1.07377881990499,1.03848703265675,0.900652591853574,1.38995199936431,2.18221965906343,2.34501483099113,2.25583842596276,2.15537793742833,2.05501156733828,1.93416606270848,1.81943322551715,1.6805019872063,1.53087407274557,1.36356391629724,1.35708688873829,1.43721256242405,1.39608999302398
Seychelles,SYC,1.33196201246149,0.458917817927268,2.08375833946223,2.66576847259254,1.47017208971374,1.46719302641952,1.17345364830244,1.95568618974172,1.96419636705016,0.892658566766174,0.0874745178458057,3.05738532610948,-1.13151642070391,-0.370334934558794,0.463308214458562,2.0805967352947,0.510514982843497,2.23628271543202,0.39253094807516,2.79232906929128,-2.62865635521684,0.980980190128322,1.84687609296508,1.55539570911507,2.22979505321923,1.33763477950025,1.22403375818123,0.954291917891324,0.887925293341637,0.853707878128979,0.805183391179401,,-0.0876274304874622,1.31136094801067
Syrian Arab Republic,SYR,3.14276682156051,3.07043753248059,3.01785988391191,2.94902840334724,2.83254019010482,2.70847861472762,2.62495453798521,2.57951161365654,2.54408360788724,2.49405999884142,2.45461714631082,2.41609659016013,2.38129035278314,2.47115145720736,2.56920506363659,4.28105517398245,6.15726388722661,3.53953603606328,1.561038004306,2.27386735787712,1.74463187292712,-0.518583748688814,-4.92076611917059,-6.64640777600442,-4.27812265662123,-1.19521490586433,0.160516443980316,1.82043236963093,3.88559879868016,3.36188761247899,2.71541292038855,3.78051313340953,4.91861526815481,4.46809539676654
Turks and Caicos Islands,TCA,5.14430093946209,5.26333144853333,5.09539924209708,4.97387455535085,4.8179136428359,4.62814202658333,4.44765833441677,4.33379386351613,4.24845670602461,4.20351344193977,4.41778096843734,5.084110798197,5.34102926307635,5.06579381753678,4.83400403777914,4.62300559145202,4.4643842476665,4.31003259671228,4.1459119693161,3.94722663611378,3.65477665825526,4.06897157854252,4.64054070760549,4.06734083176964,4.34092296180069,4.56566213237616,4.08606209437612,4.04120189777229,3.79390439929271,2.78709560637585,1.91238576461203,1.32618037626777,0.762674129802692,0.726821053031156
Chad,TCD,3.65701555224212,4.2431121638925,2.35805086936322,2.30098346349967,4.40674928139961,4.429169919678,3.45193185234224,3.44028362441506,3.51320614922956,3.45886279310456,3.3732389780589,3.48319249588089,3.9958067889148,4.4546309402426,4.03110110056051,3.59763738193098,3.44475544445336,3.49922011538019,3.57296976276489,3.46077094768596,3.53020185416521,3.51265481153462,3.5694788341769,3.56998697827762,3.18336105662872,3.13868697646131,3.30639583736028,3.35956028710956,3.21991132048391,3.18197036099619,3.44423869357111,3.45668911084691,4.57399213394625,4.94853027382671
East Asia & Pacific (IDA & IBRD countries),TEA,1.53553858705312,1.42688154478845,1.36783468871236,1.34401440668143,1.31220507220334,1.27894868254075,1.25481743471809,1.19198298070373,1.08610594367408,1.00260715390457,0.947946949253806,0.893646031652772,0.849673896242395,0.815425021025006,0.805430527344366,0.798097134173755,0.793915564225837,0.784611887579809,0.757583326893941,0.745622555784235,0.786862262066253,0.879291839891735,0.862640122804811,0.817847922103466,0.768433864028813,0.751293281787118,0.761249005677729,0.645371494905098,0.552005486782092,0.453261414135534,0.31401226881642,0.233295773163551,0.183862594333235,0.166308498832557
Europe & Central Asia (IDA & IBRD countries),TEC,0.495653128860582,0.394569251594705,0.300285427088897,0.218516144939466,0.157691906532256,0.12085309597583,0.0712732029488936,0.0221590969971344,-0.0193746075841928,-0.0516989573263383,-0.0737396918271373,-0.0669972734810155,0.022605811183776,0.0525326442561035,0.0449896005763164,0.0869193516950928,-0.00776731437025663,0.239628390944328,0.35690382716137,0.369045723134963,0.430233519028764,0.469784321945042,0.48824490624404,0.511643063357294,0.492688776205437,0.494941793569477,0.45897213033258,0.421928354843313,0.43092937954452,0.196606051680253,0.0566125487591527,-0.467968565667359,-0.508961143213921,0.246493282373832
Togo,TGO,2.87903492173325,2.82817980707413,-0.619923393390871,0.367409145018829,4.35317658540081,3.71683062271981,3.1642270108889,2.83523702193122,2.8265430635721,2.75685668978126,2.63698635340958,2.54239439953807,2.53342165886308,2.56650535233,2.56701065239466,2.80124284070489,2.91316321758797,2.87454303428326,2.83367889670304,2.72101716624637,2.69461885935872,2.62923384476283,2.56796697750519,2.53448135308774,2.52060746648904,2.51398996486491,2.49897565726694,2.47179798610782,2.44351209316794,2.41247393684318,2.37825002957617,2.35270895960531,2.33345506489111,2.2413667842624
Thailand,THA,1.62920710678797,1.58945961673195,1.54362711687309,1.47432944245539,1.42705987153545,1.38103987322343,1.33372170098054,1.30564502997303,1.25409899110086,1.13127017975852,1.01584846841136,0.962026884907362,0.931947504633534,0.896077275303913,0.860087894461849,0.83006330336846,0.800044180541195,0.768156179389423,0.73854268159594,0.670617338343587,0.621807948253872,0.619591346751357,0.587325698680648,0.530129864137193,0.460976294059414,0.451266062797186,0.422963510133952,0.302929452489855,0.204609851692418,0.166540794566251,0.119758274714782,0.0111485454856964,-0.0458651887192549,-0.0480210554154485
Tajikistan,TJK,2.6041206740472,1.93373586962239,1.32919819031035,1.73808466897799,2.09310346198551,1.96324157737844,1.20112677928097,0.593820013625566,0.516328987572414,1.22252956506886,1.93263055464193,1.92125173999603,1.92429974773697,1.96260002776105,1.95661200705717,1.90026148122724,1.92134154744809,1.98075956919701,2.04782606461211,2.13859732955825,2.23107820470165,2.39042338057157,2.49710956677516,2.50974038960922,2.55779351442662,2.53351872618566,2.45467083241302,2.40737599740749,2.36385658944468,2.27553632959872,2.20738922074721,2.13728529423458,2.01812009749216,1.91732317936133
Turkmenistan,TKM,2.50344724262282,2.27672304793338,2.19933509118075,2.06791726669577,1.79451640950769,1.7177432660259,1.69553703429869,1.68690409367485,1.83462323809047,1.99474439724003,2.00333203545625,1.99174937358472,1.95992500636987,1.91878016561315,1.88138831359517,1.85993465591178,1.86589170971238,1.90736323009162,1.97407060173285,2.0473578649564,2.11713816000684,2.17776450077759,2.22679030905497,2.26303880447268,2.28610385900461,2.2945212778352,2.28530711165221,2.25592915498978,2.20552575085177,2.12265535789649,2.02444537373143,1.92922787802207,1.83970100027524,1.75064111797897
Latin America & the Caribbean (IDA & IBRD countries),TLA,1.87098871656405,1.82869400326532,1.78883053278508,1.74232931558626,1.70929268749571,1.66778248513331,1.62881833131036,1.60486313605702,1.5650724408169,1.49578815559574,1.42741394579892,1.37233266459055,1.32201804298939,1.2792199361117,1.23769748141138,1.21976576945127,1.20083460818448,1.18219090660481,1.15368995337642,1.11973184926313,1.10432364405486,1.09272607406844,1.06959595652867,1.04619686538486,1.01129193629703,0.977702558791852,0.941276850505142,0.890295525521512,0.833705241452608,0.730174026610969,0.603142566290651,0.625181508078684,0.712391178156926,0.714412993725169
Timor-Leste,TLS,2.33115091847767,2.66750772525115,2.72963814698554,2.76812017321357,2.76234559956866,2.74223228341134,2.75258803206647,2.7259642618715,-12.1498964309756,-11.356645253535,8.63046111911907,7.91588252986364,4.20086521764908,1.3213970309566,2.04941163420411,2.93915722136614,2.85582868913771,2.7037190705407,2.52049124930661,2.41648998363508,2.32623937394203,2.19848397897983,2.07630476166789,1.98314794878844,1.94624234080117,1.90525943887907,1.88641549739516,1.91930286555216,1.93928707188808,1.91159373351817,1.80006893139932,1.40884587356384,1.08884743970717,1.17433638550192
"Middle East, North Africa, Afghanistan & Pakistan (IDA & IBRD)",TMN,2.79838735116677,2.74660816304909,2.66957291202657,2.5311567270057,2.43531193810948,2.36425932808127,2.31876667828729,2.31706649829223,2.30340170576697,2.22280441613587,2.18598001825325,2.15415118484166,2.19615812834471,2.2644437016203,2.27076517841604,2.27615132512189,2.18078917349353,2.16246339743565,2.20806946205631,2.16064221940925,2.09658529368184,1.99845017760602,1.90408584576261,1.84086612089953,1.70873649614423,1.63269589993256,1.67605084854725,1.75747020495062,1.78066780462406,1.74889177292591,1.7022820773622,1.69089538433865,1.73430944588312,1.7106462612973
Tonga,TON,0.195395738411958,0.127052743972781,0.0809494110412487,0.0629153808908238,0.0588848817609876,0.0498753127545872,0.397116207949899,0.706716722309235,0.646895105662644,0.616444657597358,0.593306428110937,0.565742330137992,0.566388827048018,0.579379767566292,0.56941817120878,0.549254886800715,0.444175977594245,0.275093040718062,0.170850043659503,0.183594875501069,0.158161636914974,-0.102311314323862,-0.356114444715887,-0.438960491824116,-0.483301677921251,-0.539650395978897,-0.159332355407353,0.20007307916608,0.09657445504329,0.0331168127621577,-0.202657341819835,-0.425589151486705,-0.424539964766316,-0.404269322267007
South Asia (IDA & IBRD),TSA,2.12482191400023,2.10476453746125,2.07670147527085,2.02240418352352,1.99663515240926,1.98137773016869,1.95521739172978,1.93054510841714,1.9003911093533,1.87010525668308,1.83909851813667,1.76474012365179,1.68257244504411,1.64264882971034,1.56659200685869,1.49600531261475,1.43510998704335,1.36756382052146,1.36492318210314,1.36549213990938,1.33404162065593,1.30130285791405,1.21325530961961,1.20320813189132,1.1468644959451,1.14742662932202,1.11322183437414,1.0528841436166,1.01724945450809,0.970749727379122,0.84229820909924,0.805672047808918,0.880272546944629,0.886479316682577
Sub-Saharan Africa (IDA & IBRD countries),TSS,2.70741591674027,2.69884127134497,2.74189662859336,2.65743059420154,2.64720633049829,2.67552322798334,2.62617746423427,2.65965913886723,2.66674764793134,2.65831046632059,2.67464265484851,2.68989361840303,2.69807319395616,2.71725874978109,2.73198030159647,2.73326949914783,2.74451556542587,2.76531669457357,2.75968154282892,2.75588804167845,2.74094333211085,2.72928770709672,2.7412792516206,2.71479329402014,2.69786163686542,2.65386426029608,2.63563421698701,2.65247559913631,2.60704344275351,2.57341526368873,2.53359221017648,2.48727039207262,2.46538573177545,2.44275570503129
Trinidad and Tobago,TTO,0.792486108298516,0.750088861459708,0.688993141481666,0.61312700175952,0.528584437291786,0.443666738699283,0.376559274218246,0.335542949338288,0.341570955039463,0.384592207827917,0.437978261429968,0.48495379094578,0.501588638492564,0.497078430407533,-3.855661582685,0.26615888493115,0.403209610635395,0.413435896307233,0.116012084682397,0.579036711567976,0.778994109506155,0.538824146577348,0.400859959050308,0.356379989236334,0.32088962269951,0.312772812072739,0.202027127649021,0.18852465203732,0.351942101931713,0.200680476473799,0.0609300519200696,-0.128266918103601,0.124756950526578,0.0601642729371072
Tunisia,TUN,2.10770264279961,2.10298061493524,1.99999574167744,1.79614120435734,1.57112483149253,1.44320056827616,1.35543878502605,1.26983091069473,1.19074438326818,1.12222559070037,1.06692195988269,1.02654008179225,0.999023084325491,0.934209359397325,0.874656405933051,0.8828182844401,0.916799634880203,0.961991588143559,1.01963219046734,1.07673286637757,1.10896127086771,1.12911133130148,1.18925109300243,1.18603354474404,1.12871973379756,1.10253911569433,1.05116025482594,0.982378425356264,0.926946081730267,0.830022185577052,0.620790374510459,0.585173208533683,0.666925034776371,0.626519256572759
Turkiye,TUR,1.75939857025913,1.70479077867469,1.72507084421117,1.73850114428048,1.63671354378767,1.5070440949697,1.44522126567333,1.39260558297453,1.33651905329422,1.28297648712556,1.2442785656482,1.20587153637377,1.16094416683032,1.11548254617054,1.06864181704433,1.02715519431982,0.160856263475951,1.26560336535681,1.3803027157145,1.51943093763293,1.46777416449143,1.27471801981307,1.28441474668,1.3490889002021,1.33411577030414,1.34542593504869,1.29675571220462,1.35360298648434,1.42969688109789,0.970386031353162,0.910444902564511,0.984586244469359,0.406389351118662,0.225580501096507
Tuvalu,TUV,1.46679827124271,1.22455053501328,0.968957151612279,0.883658180049794,0.789748249240041,0.665881528180704,0.618932719604204,0.541086673696092,0.475010129444783,0.504202748824808,0.43910159418246,0.385236563682417,0.745422232035146,1.24034187139951,1.25533132598724,1.16024506194636,1.24519841921979,1.3559199103652,1.34734017778276,1.45198280440794,1.55186810751479,1.41846349919564,0.610897728449108,-0.154650929162867,-0.1913701773267,-0.301466450395575,-0.559660160739733,-1.09159270779589,-1.59388335810663,-1.73502922439289,-1.99103357602457,-2.00145390945735,-1.77710654146662,-1.74703857618302
Tanzania,TZA,2.53453102605205,2.49709386912698,3.13737726435695,3.84179855606781,3.14652813346473,1.83364600544135,2.02274347919653,2.63261492761807,2.67776635574134,2.84152432501121,2.70152074754623,2.58850722069614,2.64525638066994,2.71326096371365,2.77513941065557,2.80055623798532,2.79133312179469,2.70285900109119,2.46693695085578,2.54448522649017,2.79985031213535,2.8799437394168,3.01455736724095,3.08040316049107,3.26181042317192,3.40729531415315,3.3414302210835,3.15572113764533,2.98060939385811,2.99305168844906,3.00113934816488,2.95046658393064,2.90250073555304,2.87426672866542
Uganda,UGA,3.28085919198602,3.40647506748478,3.4537864825563,3.35593325916572,2.73161443108009,2.70145587024081,2.8989305129642,2.97399633980632,3.24006928294857,3.14418360294887,3.05906863525199,3.13158750187579,3.15822372497188,2.99944519470383,2.93492118829227,2.92745935131587,2.94106654284048,2.9444861420196,2.94129171098808,2.9438913354304,2.93194913680129,2.90422608403173,2.86955163863091,2.95144499872136,3.07329293941893,3.32192491389275,3.49059590870242,3.39741097582772,3.39132142318772,3.33341751069644,3.21773661761443,3.00759449042677,2.80083228962433,2.75373170025335
Ukraine,UKR,0.224262872730958,0.292283164777446,0.0505475129812724,-0.525019256069775,-0.791314942324349,-0.854165873072084,-0.861119151410882,-0.804922047186478,-0.803711705470069,-0.843515300409476,-0.911802334090355,-0.878622609109747,-0.746752569088852,-0.697090406399135,-0.824471243376951,-0.646951976746368,-0.457691249751745,-0.518999631278387,-0.418318079718443,-0.360396778842802,-0.319413470604977,-0.211412120058561,-0.180396113217713,-0.335269423483557,-0.40865263025121,-0.36774838525265,-0.397112648136029,-0.501151978990809,-0.557746010589576,-0.619037730087783,-0.857231073467664,-7.61932022603164,-8.42300777431605,0.33702862573394
Upper middle income,UMC,1.51247540561419,1.40441476386464,1.30739208379772,1.25486556115804,1.2185145027514,1.19226307293947,1.16393703268586,1.11783507429108,1.05486611036966,1.00921793611471,0.958818558410288,0.897792802154781,0.869155962789881,0.869654478922375,0.863485642969324,0.824386652978004,0.752460958512945,0.800097287009485,0.812950150647403,0.798255018018448,0.823344491997743,0.906967733816152,0.915957203261257,0.873451577178723,0.830608839693522,0.795561604174454,0.800586206483316,0.745062564115356,0.666110611947599,0.536733852008647,0.398949427804185,0.253684711043361,0.213509142909735,0.313313419354961
Uruguay,URY,0.576577815081659,0.554068643934089,0.528682164061756,0.52104822142472,0.522015798423953,0.527975679567825,0.529453063948236,0.493144265488424,0.45385356103469,0.373944815859448,0.246007398484151,0.140879525241248,0.0707006512477159,0.0597775816533495,0.0798609372229262,0.113607393322573,0.171519933968135,0.212934707039678,0.239373352045262,0.256129913246022,0.248141512237734,0.257451630638359,0.297452387025821,0.328187100513488,0.347483697847475,0.333941294134426,0.270549143036717,0.179744266709225,0.0786838170441181,0.0518527053450753,-0.0668956092956434,-0.170369337727093,-0.0835522251458198,-0.0440759548302792
United States,USA,1.33626074073779,1.38688569247935,1.31867999977741,1.2262960888682,1.19078709090209,1.16341161998189,1.20396029701272,1.16571452642589,1.14834004729055,1.11276899679534,0.989741382223669,0.927797485710314,0.859481712840946,0.925483968943482,0.921713167161207,0.964253917136075,0.951055242772428,0.945865287282592,0.876651298802912,0.846129865832117,0.79239433316435,0.79838290137163,0.756560083436754,0.796023797809134,0.797904713382564,0.785625485688815,0.692906252591617,0.586433075122573,0.515108555014533,0.408427566758519,0.157317408951545,0.575744520494521,0.83149318773707,0.976421684505429
Uzbekistan,UZB,2.40407257640565,2.46045204933374,2.31355972382299,2.1387662310173,2.00222286057627,1.87771255752777,1.72779025760169,1.57004048296478,1.40332451286924,1.26281282930164,1.21591389648504,1.2267746913706,1.21806027288929,1.22957581560979,1.25081983337066,1.28947762259063,1.40203000437259,1.53479281387558,1.60393517508693,1.58433607799586,1.5301816854096,1.51059514364954,1.56705560068108,1.66460383205049,1.72657003352444,1.7256215086876,1.69442489458676,1.72706882389247,1.80974442927918,1.86830671569358,1.9382099918182,2.00999064709715,2.02114614047908,1.97065383660565
St. Vincent and the Grenadines,VCT,0.366016281210552,0.255416614554016,0.200671339382992,0.162195973569135,0.114176986713966,0.0636700498150164,0.0194466543528162,0.0344643231392806,0.164205099002532,0.157771141222912,-0.0387586661300469,-0.135773754811697,-0.181908142422976,-0.270825385911129,-0.341789621854884,-0.388481492207911,-0.432128431956044,-0.452015740934878,-0.469450522710604,-0.498034748761649,-0.556296690606872,-0.562167608407819,-0.554247952481518,-0.55640705517064,-0.536144317925753,-0.572879410655285,-0.647135439549124,-0.699944450029761,-0.725995928811949,-0.617259161571258,-0.663868269423874,-0.776041417794061,-0.711025816110263,-0.700214310937747
"Venezuela, RB",VEN,2.38168897149485,2.31745661857209,2.25329732143847,2.19027461047796,2.13415920641198,2.08805824636671,2.05088234370289,2.01000402655574,1.95213333149154,1.89379499634952,1.83097359469052,1.80801767033013,1.78086326604433,1.71593189812023,1.67515351433713,1.62520895526481,1.54785544927575,1.45176982660994,1.36163698615317,1.30934216855774,1.28319630933634,1.25510683013417,1.20531461336652,1.13646612916995,1.0518040406043,0.62520243689416,-0.653495206896492,-2.51030049026678,-2.96041293052007,-1.72190477685565,-0.727752243229035,-0.087895947265923,0.310851368612458,0.369232130679939
British Virgin Islands,VGB,3.02929939776637,2.47724687288271,2.3585156119127,2.42488985675443,2.46281527845414,2.47472977406325,2.53232763348439,2.5373788503084,2.52528303041001,2.55699302788739,2.70504102080714,3.00311489640163,3.23230783571079,3.31919840076176,3.36902915080001,3.4390199082653,3.50223322043735,3.57028666496744,3.47659578432137,1.66509594565746,3.6716015538272,5.53862651548459,4.37795543415716,3.89440691825982,4.55459685304489,-1.8135515178247,-3.54213397683474,5.81552290387566,4.8931677135622,2.01285185510385,1.79872484022046,1.33986872052852,1.72311000328138,1.23892682902476
Virgin Islands (U.S.),VIR,0.808549693974224,0.859785173807118,0.81586961582738,0.691927808258402,0.464823088884965,0.256584968919025,0.242086123441443,0.165979733255787,0.0571070680909273,0.0395873712251061,-0.0856389129235212,-0.0368565088158972,-0.00368639811298412,-0.0359495051596945,-0.0119860408867403,-0.077482916127075,-0.0295331003595483,0.0553674103119773,0.00645753479219667,-0.0433657352905335,-0.0618517700554086,-0.0942359108531572,-0.135966981900308,-0.147274749553357,-0.157703864887906,-0.182132486647949,-0.218811336994337,-0.261338011929093,-0.310759832621892,-0.35593743409178,-0.395928119020198,-0.432595819529278,-0.471640678399366,-0.516021671191835
Viet Nam,VNM,2.09563784726273,2.02528655896492,1.92400355460531,1.80580242039077,1.67325494682511,1.52407678637018,1.45262124184775,1.43491495510774,1.30328491482511,1.12950984166849,1.05123747397877,1.02445055878013,0.999847904782733,0.969589431962946,0.928402391177897,1.32258336381927,1.76779845772365,1.82745521345807,1.49648723830416,1.14440259659988,1.15183406119192,1.1709874078049,1.1802975549343,1.21423463554626,1.23975403093124,1.25988366517733,1.24420473643635,1.10791395242199,0.968366698803348,0.927434295850725,0.868883560805873,0.750756665157789,0.671429250652247,0.631267006487247
Vanuatu,VUT,2.48798917256925,2.48222737130955,2.44718960885344,2.38628076907314,2.31391073037782,2.23291177885691,2.1503590941633,2.08938889180461,2.07299555325541,2.29858977943606,2.51794321791389,2.49797166968152,2.4624992109609,2.44318438167928,2.42477741761316,2.42018173069706,2.44889284600333,2.50809716109013,2.53915174529987,2.34288677835416,2.16980126854337,2.19727458776971,2.22472000551293,2.23741755913055,2.22716537972059,2.22459321328248,2.3321325606252,2.39543458138902,2.33048915705222,2.32661131084294,2.31850921412366,2.31965082626492,2.32481600892244,2.27351944261437
World,WLD,1.67016640936764,1.63137862383159,1.58770638741258,1.53493353707536,1.50436912788474,1.48991794939767,1.46369226127075,1.43793207899514,1.39765640716195,1.36404895949606,1.34165162815845,1.3115061913544,1.29060526621754,1.28688842293725,1.27133339350377,1.27134792688689,1.26097512804704,1.26740736480615,1.2522886025983,1.21683691645466,1.21879419279509,1.2592544430215,1.23195143086439,1.20625179516653,1.18426555730454,1.16500012197801,1.13111083254035,1.08036105447289,1.04393348684165,0.981789958072561,0.833796683538021,0.867762860278982,0.92830559485171,0.959548935772442
Samoa,WSM,0.192665760966229,0.566974044499184,0.84360565196507,0.803058822004789,0.812128813006775,0.855578710009327,0.834803981602527,0.761957610122648,0.762852410408108,0.779095553168233,0.811842716200751,0.709942405793495,0.518518278484343,0.440703577844664,0.390647475706685,0.390192842270374,0.55463907450516,0.714778949876493,0.736861989277852,0.785366135493998,0.871732674893699,0.912557360248924,0.89673977043707,0.888269859280603,0.868555727857733,0.847318414943751,0.937123219994916,1.04941192646969,1.05329202031498,1.0262726301153,0.862068229419543,0.690847424147793,0.649190563116911,0.62390639530784
Kosovo,XKX,1.58690407165236,1.69894212328555,1.60207220574227,1.56023385614181,1.52063965732157,1.45088764824469,1.30697042333343,-5.53523595220767,-10.5116620490498,-3.75823655438575,0.967073945714176,0.518048842761047,-0.165650264252757,-0.20064639951827,-0.242727164946393,-0.290519126204048,-0.330647483019233,-0.345681218030727,-0.343592772985139,-0.331415173591033,0.179071579276493,0.843388368514639,0.606471214728733,-0.293645848305844,-1.36150828171389,-0.600477091754396,0.753859367983812,0.338173257577919,-0.457058941890623,0.0704099058940516,-0.227725943787301,-1.01194530149251,-4.95226324203524,-5.39126176551648
"Yemen, Rep.",YEM,3.8308080770016,3.80262537048437,3.76054738276682,3.69122014011109,3.59372988740852,3.36633580657249,3.18756744567655,3.15046872402234,3.11379530781424,3.07742893586094,3.02156813167324,2.96622192090819,2.93835979043048,2.93369063852526,3.09666761314071,3.25064888639941,3.23881270357261,3.21232812061682,3.1969350857355,3.13856389755931,3.04974468373417,3.03772906888376,3.04562687085895,3.06832379522527,3.04025873247851,3.00213847021681,3.01222786189552,2.96037896642737,2.96633475184571,2.87320414785733,2.74426152997255,2.87334358526139,3.00980765711571,2.98210396880689
South Africa,ZAF,2.28466181858316,1.79631209038171,1.99129597975592,1.61967461179144,1.21388535311637,1.29699420436442,1.19798957270412,1.2124158688717,1.08969778624124,0.914659168313889,0.859492168208101,0.947036940076663,0.996556488051653,1.00742279739678,1.01260946155511,1.02172490694402,1.05506511201209,1.15309551684298,1.19390450655684,1.1829095702162,1.23631458705301,1.47479434391075,1.65265199501405,1.66144540694123,2.00988840160514,0.940521897823675,0.653837462693277,1.68236992028419,1.64957495527878,1.62216431400652,1.54055743832642,1.41397227960081,1.32810094082844,1.24951426055192
Zambia,ZMB,2.47962024274958,2.41410432516202,2.38360333328893,2.38767368508148,2.41336000162319,2.45422388426954,2.55491686835174,2.62143144676206,2.68033385502673,2.8105009556372,3.02394158044151,3.07812350873629,3.10355045228564,3.17745831747123,3.30186320062968,3.44488603404196,3.52770643018252,3.56663855229215,3.53891846603377,3.46192274224024,3.32527568350911,3.24260026203654,3.20268845716982,3.17220342906789,3.12013727876838,3.09409054089327,3.06754137743233,3.0060186177754,2.96162166175699,2.9041649369132,2.81534240626742,2.76365042984169,2.79406758723844,2.81182258530958
Zimbabwe,ZWE,2.60489596345003,2.82272702015968,1.46167874062028,0.118343013050283,0.928715708662254,1.66055720411375,1.8774099417919,1.95502471203748,1.61833442459082,0.917384654947152,0.669179057812887,0.962219774230462,1.18973560223894,1.08604865181957,0.945996419158278,1.21827740248004,1.3177052771271,1.20398732561507,1.40712940970909,1.61334322032425,1.7726514046574,1.62306467591426,1.40792169753746,1.37169405347957,1.3399592762046,1.38820029316449,1.44285382068925,1.48741637841697,1.56353351552455,1.65935280874134,1.72601114303872,1.7062092862652,1.67709591394986,1.7804822981922
